id,document_id,page_number,label,readable_image_path,thumbnail_image_path,ocr_text,ocr_confidence,transcription_status
fa2f13cb-d760-5ea0-b56b-4c3aaa80bc20,aba80607-e798-5387-bc7d-fa61e41b7fc6,1,Full text,,,"Psychotropic Properties of the Harmala Alkaloids

Claudio Naranjo Department of Anthropological Medicine University of Chile, Santiago, Chile

The use of plant materials containing harmala alkaloids is probably very old. Peganum harmala, a
zygophyllaceous plant, the seeds of which contain harmine (1), harmaline (2), and harmalol (3), is thought to
be native to Russian Turkistan or Syria, and has been used throughout the Middle East both as a spice and as
an intoxicant. Its medical and psychotropic properties are known in India, where it was probably taken by the
Moslems, and where the seeds may now be purchased in bazaars (4). It is also believed that it was the Arabs
who took the plant along the African Mediterranean and into Spain, where it may be found growing wild at
present.

The species of Banisteriopsis that constitute a source of harmala alkaloids are used in an area lying between
the rain forests of South America and the Andes. This is approximately the area designated as the ""montaña""
in the classification of South American cultures. It consists of a tropical elevated territory along the
headwaters of the Amazon and Orinoco Rivers, where live some of the least known Indian groups.

Of much interest is the recent discovery of substances closely related to the harmala alkaloids in animals. One
of these is adrenoglomerulotropine, a hormone of the, pineal body, the chemical identity of which has been
indicated as 2, 3, 4, 9-tetrahydro-6-methoxy-1-methyl-1Hpyrido (3, 4, 6) indole (5). This substance is
identical to 6-methoxytetrahydroharman which has been shown to be formed in vivo from
5-methoxytryptamine and acetaldehyde (6). 6-Methoxytetrahydroharman is an isomer of tetrahydroharmine,
one of the alkaloids in Banisteriopsis (7), and in the African Leptactinia densiflora (8). One more substance, 6-
methoxyharmalan, has been shown to derive, at least in vitro, from melatonin (9), which in turn results from
the methylation of acetylserotonin. The enzyme which makes this methylation possible,
hydroxyindole-0-methyltransferase (HIOMT), has only been found in the pineal body. (See Fig. 1.)

6-Methoxyharmalan is an isomer of harmaline differing in the position of the methoxy group, which is attached
to the same point of the ring as the phenolic group in serotonin or the methoxy group in ibogaine, a
demonstrated hallucinogen (10). (See Fig. 2.)

As will be seen in the rest of the paper, I have found both synthetic 6-methoxyharmalan and 6-
methoxytetrahydroharirnan to be hallucinogenic (11), a fact which invites speculation on the possible role of
the metabolites on the psychoses. It is suggestive that the highest concentrations of serotonin have been
found in the pineal glands of schizophrenics, and that 6-methoxyharmalan is a powerful serotonin antagonist.


It may be noted that the above reported finding constitutes the first demonstration of an endogenous
hallucinogen, twenty years after the motion of a psychotoxic metabolite was proposed by Hoffer, Osmond and
Smythies (12).

Lastly, one may wonder whether the pineal body-associated by Tibetan traditions with higher states of
consciousness-may not actually play a part in the regulation of attention or the rhythm of sleep and
wakefulness. An indirect indicated of this is the demonstration of increased pineal HIOMT activity in rats kept in
constant darkness for six days (13).

Studies carried out some 30 years ago by Gunn et al., showed that some synthetic beta-carbolines had similar
pharmacological properties, which in turn resembled those of quinine (14). Thus, both quinine and the harman
derivatives were toxic to protozoa, inhibited the contraction of the excised muscle of the frog, caused
relaxation of most smooth muscle, but contraction of uterine muscle, and caused convulsions followed by
paralysis in mammals.

The only compound in this chemical group reported to have hallucinogenic properties, to my knowledge, is
harmine (15), which may be regarded as identical to telepathine, yageine, and banisterine, and constitutes
most of the alkaloid content in the Banisteriopsis extracts. Yet the question poses itself as to whether the
qualitative similarity of harman derivatives, as evidenced by many pharmacological effects, would also apply to
the psychological syndrome produced. For instance, Gunn finds that harmaline is twice as active as harmine,
judging from the lethal doses of both compounds for the rabbit, and from their toxicity to protozoa. I have
indeed found harmaline to be hallucinogenic at dosage levels above 1 mg./kg. i.v. or 4 mg./kg. by mouth,
which is about one half the thresh-old level for harmine. It may be interesting to note at this point that the
onset of effects of harmaline or other derivatives is about one hour after ingestion by mouth, but almost
instantaneous after intravenous injection, if circulation time from elbow to brain is taken into account. In this,
harmaline resembles the chemically related tryptamines and differs from the slow-acting phenylethylamines.

Tetrahydroharmine, the reduction product of harmaline, is another substance studied by Gunn and shown to be
similar to its more saturated homologs, but three times less active than harmaline.

Racemic tetrahydroharinine, up to the amount of 300 mg. by mouth, was administered by us to one volunteer,
who reported that at this dosage level there were subjective effects similar to those he experienced with 100
mg. of harmaline. More trials would be required to assess the mean effective dosage of tetrahydroharmine as a
hallucinogen, but this single experiment suggests that racemic tetrahydroharmine is about one-third as active
as harmaline, corresponding to Gunn's estimation on the basis of lethal dosage.

The effect of relocating the methoxy group of harmaline was not tested by Gunn but was of special interest
here, in view of a possible function of the 6-methoxy homolog in the body. 6-Methoxyharmalan was indeed
shown to be hallucinogenic, as was anticipated, subjective effects becoming apparent with approximate oral
dosages of 1.5 mg./kg. The ratio between threshold doses of harmaline and its 6-methoxy analog is 3:2,
6-methoxyhannalan being the more active.

6-Methoxytetrahydroharman, probably identical with pineal adrenoglomerulotropine, was also shown to be
psychoactive, eliciting mild effects at a dosage level of 1.5 mg./kg. The relative activities of the two
6-methoxyharmans are approximately 1:3, the harmalan being more active than its unsaturated homolog,
which confirms once more Gunn's statement as to the relationship between double bonds and pharmacological
effect.

It would seem premature to make any statement as to whether there is a qualitative difference in the
subjective reaction to the different carbolines tested. Such appeared to be the case, in that experiences with

the 6-methoxy compounds happened to be of a less hallucinogenic nature in the strict sense of the word, their
effect being more akin to a state of inspiration and heightened introspection. Among the 7-methoxy
compounds, harmaline seemed to cause more withdrawal and lethargy than harmine, but both substances
showed a highly hallucinogenic quality in the visual domain. However, more systematic study would be needed
to confirm differences such as these, in view of the variability which exists even between consecutive
experiences of the same individual with the same chemical. This is well known for LSD-25, and was quite
marked in four of the seven subjects to whom harmaline was administered more than once. Yet it seems clear
that the various beta-carbolines are similar enough in their effect to be told apart from mescaline, as was
shown by the comments of persons to whom mescaline, harmaline and some other harman derivative were
administered on consecutive -occasions. The third compound, the nature of which was not known to the
experimental subjects, was invariably likened to harmaline rather than to mescaline. The same can be said of
instances in which harmaline was administered on a second or third occasion without divulging the drug's
identity. Regardless of the differences between consecutive harmaline experiences, these were classified
together as distinct from that of mescaline.

It is quite possible that further research with a larger number of subjects may demonstrate qualitative
differences of a subtle kind between the different carbolines, analogous to those shown for variously
substituted phenylisopropylamines (16, 17). Nevertheless, it may be adequate for the, time being to regard
the effects of harmaline as an approximately valid indication of -a syndrome shared, with minor variations, by
compounds of similar structure.

This information that I am presenting here on the effects of harmaline is based on the reactions of 30
volunteers to whom the drug was administered as a hydrochloride, either by mouth or intravenously, under
standard conditions. One aspect of these was the absence of all information regarding effects other than those
primarily psychological in nature.

As part of the Interest lay in knowing the difference between the harmaline syndrome and that of mescaline,
both drugs were administered to each volunteer on different occasions.

In the case of every one of the 30 subjects it was evident to the observer that both the subjective and
behavioral reactions of the person were quite different for the two drugs, and this was corroborated without
exception -by the subjects themselves. Yet the quality of the difference was not clearly the same in all
instances, so that it is hard to find regularities to which no exception can be, mentioned. Recurring differences
between harmaline and mescaline can be observed however, and in what follows, the most salient of these are
cited.

Physical sensations in general are more a part of the harmaline intoxication than of that produced by mescaline
(or similar substances). Parasthesias of the hands, feet or face are almost always present with the onset of
effects, and are usually followed by a sensation of numbness. These symptoms are most marked when the
alkaloid is injected intravenously, in which case some subjects have likened them to those experienced under
ether anesthesia. Distortions of the body image, which are quite frequent with mescaline or LSD-25, were very
exceptional with harmaline. Instead, subjects indicated isolated physical symptoms such as pressure in the
head, discomfort in the chest, or enhancement of certain sensations, as those of breathing or blinking.

Nausea was reported by 18 subjects and this sometimes led to intense vomiting. It was usually associated with
dizziness or general malaise, which would in turn appear or disappear throughout a session in connection with
certain thoughts or stimuli.

In the domain of perception, one of the most noticeable differences -between the drugs is in the visual
appearance of the environment. While distortions of forms, alterations in the sense of depth and changes in
the expression of faces are of frequent occurrence under most hallucinogens, these phenomena were

practically never seen with harmaline. The same was true in regard to color enhancement, or perception of
apparent movement - flowers breathing, shapes dancing and so on-frequently seen with LSD-25. With
harmaline, the environment is essentially unchanged, both in regard to its formal and its aesthetic qualities.
Phenomena which most frequently occur with open eyes are the superposition of images on surfaces such as
walls or ceilings, or the viewing of imaginary scenes simultaneously with an undistorted perception of
surrounding objects. Such imagery is not usually taken for reality but there was an exception to this in the case
of a man who saw a cat climbing a wall, then turning into a leopard, when in fact, not even the cat existed.

Other recurrent visual phenomena were a rapid lateral vibration in the field of vision and double or multiple
contours in objects, especially when these were in motion or when the subject's eyes turned away from them.
Some described lightning-like flashes.

With closed eyes, imagery was abundant and most often vivid and bright colored, with a predominance -of
red-green or blue-orange contrasts. Long dream-like sequences were much more frequent for harmaline than
for mescaline. Certain themes, such as felines, negroes, eyes, and flying are frequent and have been reported
elsewhere (18).

Perception of music was not altered or enhanced with harmaline as is the case with mescaline or LSD-25. Yet
noises became very prominent and generally bothersome. Buzzing sounds in the head were reported by more
than half of the subjects.

Synaesthesias were not reported, and the sense of time was unaltered.

Many of the differences between harmaline and mescaline may be related to the facts that the effect of the
former on the emotions is much less than that of mescaline, and thinking is affected only in subtle ways, if at
all. Concern with religious or philosophical problems is frequent, but there is not the aesthetic or emphathetic
quality of the mescaline experience. Thus, the typical reaction to harmaline is a closed-eye contemplation of
vivid imagery without much further effect than wonder and interest in its significance, which is in contrast to
the ecstatic heavens or dreadful hells of other hallucinogens. Despite this lesser effect of harmaline on the
intensity of feelings, qualitative changes do occur in the emotions, which may account for the pronounced
amelioration of neurotic symptoms evidenced by 8 of our 30 subjects, as detailed in a separate report ( 19).

Desire to communicate is slight under the effect of harmaline, since other persons are felt to be a part of the
external world, contact with which is usually avoided. Possibly related to this withdrawal is the extreme
passivity which most subjects experienced in regard to physical movement. Most of them lay down for 4 to 8
hours and reported a state of relaxation in which they did not feel inclined to move a muscle, even to talk. In
view of this observation, it is hard to understand how the Indians, according to some authors ( 20), engage in
dancing or even whip one another under the effects of caapi.

Summing up, harmaline may be said to be more of a pure hallucinogen -than other substances whose
characteristic phenomena are an enhancement of feelings, aesthetic experiences, or psychotomimetic qualities
such as paranoid delusions, depersonalization, or cognitive disturbances. Moreover, harmaline appears to be
more hallucinogenic than mescaline (the most visually acting drug in its chemical group), both in terms of the
number of images reported and their realistic quality. In fact some subjects felt that certain scenes which they
saw has really happened, and that they had been as disembodied witnesses of them in a different time and
place. This matches the experience of South American shamans who drink ayahuasca for purposes of
divination.

The remarkable vividness of imagery viewed under the effect of harmaline, together with phenomena such as
double contours and persistence of after images, had led us to suspect a peripheral, i.e. retinal, effect of the
drug, and this was tested by the recording of electroretinograms in cats. The suspicion was confirmed, in that

harmaline causes a definite increase in the alpha wave and a decrease in the beta wave of the
electroretinogram, both of which become apparent before any change is observed in the brain cortex.

It would be beyond the scope of this paper to deal with electrophysiological studies, but I will briefly mention
some recent results we have obtained in cat experiments at the University of Chile, which add to the general
picture of the harmaline intoxication:

(1) Electrocorticograms recorded in chronically implanted cats showed either electrocortical desynchronization
or synchronization in correspondence with the animal's behavior, alternating between arousal and lethargy. In
addition to this spindle bursts of high voltage and low frequency were observed in all instances and these did
not seem to be related to the animal's behavior.

(2) Experiments performed in cats with a chronically isolated forebrain showed even more clearly the above
mentioned spindle bursts in the brain cortex, and regular wave bursts of high voltage in the pontine reticular
formation, which we have not seen described under other pharmacological conditions. These cats were
behaviorally overactive.

These facts may be interpreted as an indication that harmaline acts as a stimulant on the midbrain reticular
formation. The direct action of harmaline on the brain cortex is hard to interpret and seems more that of a
depressant, but this is counteracted in the intact animal by the arousing influence of the reticular formation.
The neurophysiological picture matches well that of traditional yagé ""dreaming"", in that the state we have
described involved lethargy, immobility, closed eyes and generalized withdrawal from the environment, but at
the same time an alertness to mental processes, and an activation of fantasy.

REFERENCES

(1) Goebel, Annalen, 38, 863, 1841.

(2) Fritsche, Annalen, 64,365,1847.

(3) Fischer,, 0., Chem. Soc. Abstr., 1901 (i), 405.

(4) Maxwell, M. M. ""Caapi, its source, use and possibilities."" Unpubl. MS., 1937.

(5) Farrel, G. and W. M. McIsaac, ""Adrenoglomerulotropin."" Arch. Biochem. Biophys., 94: 44&-5"", 1961.

(6) McIsaac, W. M. ""Formation of 1-methyl-6-methoxy-1,2,3-tetmhydro-2-carboline under physiological
       conditions."" Biochem. Biophys. Acta 52: 607-609, 1961.

(7) Hochstein, F. A.. and A. M. Paradies. ""Alkaloids of Banisteria Caapi and Prestonia Amazonicum."" J. Am.
       Chem. Soc. 79,5735,1957

(8) PARIS, R. R., F. Percheron, J. Manlil and Goutarel. Bull. Soc. Chim. France, 750,1957.

(9) McIsaac, W. M., P. A. Khairallah and I. H. Page. ""10-methoxyharmalan, a potent serotonin antagoinist which
       affects conditioned behaviour."" Science 134, 674-675, 1961.

(10) Naranjo, C. Psychological effects of lbogaine. In preparation.

(11) Naranjo, C. and A.- Shulgin. Hallucinogenic properties of a pineal metabolite: 6methoxytetrahydroharman.
       Science. In press.

(12) Hoffer, A., H. Osmond and J. Smythies. ""Schizophrenia: a new approach II."" J. Ment. Sci., 100:
       29-45,1950.

(13) Axelrod, J., R. J. Wurtman, and S. Snyder. ""Control of hydroxyindole-0methyltransferase activity in the
       rat pineal gland by environmental lighting."" J. Biol. Chem. 240: 949-954,1965.

(14) Gunn, Are. Int. Pharmacodyn., 50,793,105.

(15) Pennes, H. H., and P. H. Hoch, Am. J. Psychiat. 113,885,1957.

(16) Shulgin, A., T. Sargent and C. Naranjo. ""Chemistry and psychopharmacology of nutmeg and related
       phenylisopropylamines."" Paper presented at the Symposium ""Ethnopharmacologic Search for
       Psychoactive Drugs."" U. of Calif., S. F., 1967.

(17) Naranjo, C. MMDA in the facilitation of psychotherapy. Book in preparation.

(18) Naranjo, C. ""Psychological aspects of the yagé experience in an experimental setting."" Paper presented at
       the Annual Meeting of the American Anthropological Association, 1965.

(19) Naranjo, C., Ayahuasca, the Vine of the Dead. Book in preparation.

(20) Taylor, N., Flight from Reality. 1949.

(21) Villiblanca, J., C. Naranjo, and F. Riobó. Effects of harmaline in the intact cat and in chronic isolated
       forebrain and isolated hemisphere preparations. Psychopharmacologia. In press.",,reviewed
b59d84bd-1af2-539c-9b46-5c0d9c94402c,0d0ecc94-e4d5-5baf-b174-67112069445c,1,Full text,,,"--- Page 1 ---

EL. CONTEXTO CULTURAL DE UN  ALUCINOGENO  ABORIGEÉN:
BANISTERIOPSIS CAAPl.
Por G. REICHEL - DOLMATOFF
Instituto Colombiano de Antropología
El conocimiento y uso de alucinógenos, como rica, ha sido trazada recientemente por Friedberg
bien se sabe, está muy difundido entre los indíge- (1965). En el territorio colombiano estos alucinó-
nas americanos y esta costumbre podría remon- genos son utilizados prácticamente por todas las
tarse probablemente a épocas prehistóricas muy tribus de la hoya amazónica y de los llanos del
remotas que, talvez, antecedan a la llegada del Orinoco (Uscátegui, 1959). Personalmente pudi-
Hombre al Continente Americano. En efecto, mos observar su uso también entre los indios
desde Norteamérica hasta las regiones del Sur, se Noanamá y Emberá del Chocó, zona selvática de
dispone de informaciones sobre grupos indígenas la Costa Pacífica desde la cual esta costumbre se
que han empleado, o aún emplean, ciertas plantas ha extendido hasta Panamá (Reichel - Dolmatoff,
con efectos psicotrópicos, para lograr estados de 1960, pp. 130-132).
alucinación de diversas intensidades y caracterís- El nombre vernacular bajo el cual se conoce
ticas. esta planta, así como la bebida preparada de ella,
Ya desde el siglo XIX los botánicos, farmacó- varía considerablemente. El término yajé (o ya-
logos y psicólogos se han ocupado de identificar gé), tomado probablemente de la lengua geral del
y describir muchas de estas plantas, así como de Brasil, es de común uso en el noroeste amazónico,
analizar sus componentes químicos y sus efectos pero la planta se designa además con diversos
sobre el individuo. En los últimos años estos tra- otros nombres, según el idioma indígena local.
bajos han avanzado notablemente y en la actua- Así por ejemplo, en los dialectos de la Familia
lidad se cuenta con una bibliografía muy extensa Lingiiística Tukano (Tukanos Orientales del Vau-
al respecto. Sin embargo, los antropólogos han pés), se designa como caapi o, más correctamente,
estudiado muy poco aún este tema y, al consultar gahpi, kahpí; entre los Cubeo como mihí; entre
la extensa literatura sobre los alucinógenos ame- los Guahibo de los Llanos Orientales como kápi;
ricanos, se observa que son muy escasos los tra- los Noanamá del Chocó la designan como dápa y
bajos que tratan en algún detalle de los aspectos los Emberá como pildé. En la montaña peruana y
culturales que se relacionan con el uso de estas ecuatoriana la planta se llama generalmente aya-
substancias. Al mismo tiempo parece probable que huasca. Estas diversas designaciones, a veces
para los indígenas la experiencia alucinadora sea sinónimos, a veces nombres genéricos aplicados
de gran importancia, ya que ella puede relacionar- por los indígenas a cualquier planta alucinógena,
se estrechamente —en parte hasta causalmente— han causado cierta confusión en la literatura, de
con sus conceptos mágico-religiosos, su mitología manera que queda a veces difícil saber con exac-
y simbología y, en general, con el manejo de di- titud de qué especie botánica se está hablando
versos estados de conciencia y percepción, los (Schultes, 1957).
cuales son, desd e luego, fundamentales para nues- Los aspectos botánicos y etnobotánicos de las
tra comprensión de los procesos mentales y psico- diversas Banisteriopsis colombianas han sido tra-
lógicos que rigen o gulan estas sociedades. .. tados en detalle por Schultes, cuyos trabajos al
El presente artículo tiene por objeto describir respecto son fundamentales (Schultes, 1957; 1960;
el uso de un alucinógeno (Banisteriopsis Caapi) 19632: 1968b; 1967; 1969). Entre otros autores
entre los indios Tukano del territorio del Vaupés, que se han ocupado de estas especies mencionamos
en el noroeste amazónico de Colombia, con el fin a Bristol (1966), Cuatrecasas (1958), García
de colocar esta costumbre dentro de su contexto Barriga (1958), Pérez Arbeláez (1956) y Uscá-
cultural y de trazar sus nexos con una serle de tegui (1959). La especie particular de esta malpi-
otras actividades y expresiones propias de este giacea a que se refiere el presente trabajo fue
grupo aborigen. Los datos aportados aquí se identificada por primera vez como B. Caapi por
basan, en su mayor parte, en investigaciones el botánico inglés Richard Spruce quien, en 1851,
personales adelantadas en años recientes entre los observó su empleo en la región de Ipanoré, en el
indios mencionados *. bajo río Vaupés. Posteriormente se han distin-
guido varias otras especies, a saber B. quitensis,
B. inebrians, y otras más, Las últimas dos espe-
cies no parecen encontrarse en el territorio del
INTRODUCCION Vaupés, donde se trata principalmente de la espe-
cie B. Caapi (Schultes, 1957, p. 37) y, posible-
La distribución del uso del alucinógeno basado mente, de B. Rusbyana. La designación completa
. en preparaciones de Banisteriopsis, en Suramé- de la especie tratada en el presente artículo es
- 327 -


--- Page 2 ---

entonces Banisteriopsis Caapi (Spruce ex Grise- derivativos de los beta-carbonilos en tallos de B,
bach) Morton (Schuites, 1957, p. 4). Por consi- Caapi, a saber: harmalina y d-tetrahidroharmina
deraciones de brevedad se utilizará en este trabajo (Bristol, 1966, pp. 115-116; Naranjo, 1967, p. 394;
el término yajé. . Schultes, 1969, p. 250) y B. Rusbyana resultó
El estudio fito-químico y farmacológico de las contener cantidades apreciables de N,N-dimetil.
substancias psicotrópicas derivadas de las malpi- triptamina (Agurell, Holmstedt and Lindgren,
giaceas colombianas se inició hace casi medio 1968).
siglo pero, aunque se han logrado ciertos avances, Los efectos psicotrópicos de estos componentes
sigue siendo un campo de investigación de desta- de la B. Caapi y de otras especies de las malpigia-
cado interés. Fischer (1923) parece haber sido el ceas han sido descritos por varios autores, quienes
primero en aislar del yajé un alcaloide cristalino, se refieren en sus estudios tanto a pacientes esqui-
denominado por él telepatina, pero sin hacerse la zofrénicos, como a grupos de individuos normales;
rigurosa identificación botánica de la especie por a observaciones hechas entre indígenas y aun a
él utilizada, problema que se planteó asímismo a experiencias personales. (Véanse entre otros, Har-
otros investigadores contemporáneos (Barriga ner, 1968; Naranjo, 1965, 1967; Pennes and Hoch,
Villalba, 1925; Albarracín, 1925; Perrot et Ha- 1957; Turner, 1963). En términos generales, estos
met, 1927a, 1927b). Barriga y Albarracín llama- efectos se describen en la literatura en la forma
ron a los alcaloides aislados por ellos yajeina y siguiente: la ingestión de una infusión o macera-
yajeinina. Esta falta de determinaciones botánicas ción a base de Banisteriopsis causa inicialmente
exactas de los materiales utilizados en los exáme- vértigo, náusea y vómitos seguidos por estados de
nes de laboratorio, resultó ser un obstáculo muy euforia más o menos marcados o aun de excita-
serio para la identificación de los componentes ción agresiva. Súbitamente se presentan alucina-
químicos, sobre todo porque se estaban acumu- ciones visuales en colores brillantes que pueden
lando informaciones según las cuales los indígenas ser de una belleza sublime, pero que también pue-
para preparar sus bebidas alucinógenas, mezcla- den contener aspectos de terror y angustia. En
ban a veces varias plantas que no habían sido estas visiones aparecen a veces animales —fre-
claramente identificadas todas. Esto planteó el cuentemente felinos y reptiles— o la persona se
problema de la gran variedad de maneras como siente volar por los aires visitando lugares lejanos
se preparaba la bebida, detalle sobre el cual los o comunicarse con divinidades, demonios o ances-
datos disponibles no eran siempre muy completos. tros tribales.
Según la literatura existente, mientras que en Las circunstancias bajo las cuales se consume la
algunas regiones de Colombia (Putumayo, Ca- bebida alucinógena entre los grupos indígenas del
quetá) los indios hacían una infusión durante noroeste amazónico, varían considerablemente,
varias horas antes de consumirla, en otras regio- según afirman los diversos autores. En ocasiones
nes (Vaupés) se acostumbraba hacer una macera- se trata de ceremonias colectivas de carácter má-
ción en agua fría. En algunas ocasiones se aña- gico-religioso, como por ejemplo los ritos de ini-
dían además hojas u otras partes de plantas muy ciación de los jóvenes, los ritos funerarios o el rito
diferentes, práctica que variaba según la tribu en de yuruparí. Otras veces es un solo individuo, ge-
cuestión y según el efecto que se esperaba de la neralmente un chamán o curandero, el que consu-
bebida, a la cual se añadían eventualmente otras me la bebida sea para hacer el diagnóstico de una
plantas para reforzar la acción alucinógena de la enfermedad, y adivinar el modo de su curación o
preparación básica. El uso de estos ingredientes para establecer la identidad de un supuesto ene-
adicionales sigue siendo de gran importancia en migo. Las mujeres no participan en la toma de la
las investigaciones actuales, ya que de su exacta bebida, ni tampoco los jóvenes que aún no han
identificación depende desde luego el resultado de llegado a la pubertad, pero ambos pueden estar
los análisis de laboratorio. Algunas observaciones presentes durante el consumo de la bebida por
sobre este aspecto de las investigaciones se en- parte de los hombres.
cuentran en Schultes (1957; 1960). Para observaciones efectuadas entre indios
En 1928 Elger (q.v.) constató que el alcaloide colombianos disponemos de las siguientes fuentes:
descrito por Fischer (1923) era idéntico a la Rocha (1905) sobre los Ingano de Mocoa, Caque-
harmina, aislada años antes de un arbusto del Cer- tá; Koch - Griúnberg (1909) sobre los Tukano del
cano Oriente, Peganum Harmala, y cuyas propie- Vaupés; Briúzzi (1962) sobre estos mismos ; Gold-
dades alucinógenas se conocían desde la anti- man (1963) sobre los Cubeo del Vaupés; Bristol
gúedad (Gunn, 1937). Los términos telepatina, (1966) sobre los Sibundoy del alto Putumayo;
yajeina o banisterina que hasta entonces habían si- Der Marderosian, Pinkley y Dobbins (1968) sobre
do usados por los investigadores, resultaron pues, los Kofán del Putumayo; Mallol de Recasens
ser simples sinónimos de la harmina. Posterior- (1963) sobre los Siona ; Schultes (1960) entre los
mente, al obtenerse identificaciones botánicas más indios del Caquetá y los del Vaupés; Reichel - Dol-
precisas, fue posible determinar la presencia de matoff (1960, 1968), entre los indios del Chocó
harmina en B. Caapi (Chen and Chen, 1939) y en y los Tukano del Vaupés. Una breve nota de Stra-
B. Inebrians (O'Connell and Lynn, 1953). Además delli (1890) se refiere al uso de yajé entre los
Hochstein y Paradies (1957) encontraron otros Pira-Tapuya (Tukano) de Taracá, bajo río Vau-
— 328 —


--- Page 3 ---

pés. Para la misma región limítrofe con el Brasil multicolores se enroscan alrededor de los postes
tenemos además la clásica descripción de Spruce de la casa. Todos los colores son muy luminosos”
(1908) basada en sus observaciones entre los Tu- (Koch-Grimberg, I, p. 299). En una ocasión Koch.
kano del bajo Vaupés y algunos datos de Biocca Griinberg tomó dos pequeñas copas de la bebida
(1965) sobre los Tukano de la misma región. y describe así su reacción: “En efecto, después
A continuación citaremos en más detalle a al- de un rato y sobre todo al salir fuera de la casa
gunos de estos autores, con el fin de dar una idea a la oscuridad, se me presentó delante de los ojos
más exacta del alcance de sus observaciones. Rocha una extraña luz trémula y muy intensa, y al escri.
mismo no tomó yajé sino que sólo relata las infor- bir, algo como llamaradas rojas pasaron rápida-
maciones suministradas por indios y mestizos de mente sobre el papel” (Koch-Grinberg, 1, p. 318).
la región de Mocoa. Según este autor las alucina- Aunque este autor trae excelentes descripciones
ciones de los primeros 30 a 45 minutos son extre- de las reuniones ceremoniales, no entra en más
madamente agradables, viendo la persona bellos detalles acerca de las alucinaciones y de su fun-
paisajes, apetitosas frutas y bailes lascivos de ción. Anota que el yajé se consume con ocasión
mujeres semidesnudas, todo acompañado de mú- de reuniones que se celebran entre dos fratrías,
sica. Otros se creen ser jefes poderosos o tienen o también durante el ritual de la iniciación, y lo
visiones de ángeles y vírgenes celestiales. Se ima- considera posible que el uso del alucinógeno esté
ginan que consumen bebidas y comidas y que, relacionado con un ritual de los guerreros quienes,
convirtiéndose luego en jaguares, persiguen las bajo su efecto, esperan adquirir valor.
dantas y los venados que corren por los bosques. Goldman describe el uso de yajé entre los Cubeo
Viene luego una corta fase de somnolencia y en del río Cuduyarí, donde la planta se designa con
seguida aparecen visiones aterradoras; serpientes el nombre de mihí. Sobre los efectos dice: “This
y personificaciones demoníacas atacan a la per- sequence of mihí transports a man from vague
sona, la maltratan y la humillan. A pesar del len- and mild visions of whiteness to intense halluci-
guaje romántico que emplea el autor citado, su natory experiences, bursts of violence, and finally
relato no carece de interés y lo transcribimos in loss of consciousness... At the beginning, the
extenso en el apéndice. (Rocha, 1905, pp. 43-46). Indians say, the vision becomes blurred, things
Spruce asistió en 1852 a una ceremonia de yajé begin to look white, and one begins to loose the
entre los Tukano de Urubú-coará, cerca de Ipa-  Íatulty of speech. The white vision turns to red
noré, sobre el río Vaupés. Describe los efectos así : One Indian described it as a room Spinning with
“In two minutes or less after drinking it, its ""ed feathers. This passes and one begins to see
effects begin to be apparent. The Indian turns people in the bright coloring of the jaguar, When
deadly pale, trembles in every limb, and horror the final strong forms of mihí are taken the hallu-
is in his aspect. Suddenly contrary symptoms sue- cinations begin to assume a disturbing and fearfull
ceed: he bursts into perspiration, and seems pos- form. One becomes aware of violent people milling
sessed with reckless fury, seizes whatever arms about, shouting, weeping, threatening to kill. One
are at hand... In about ten minutes the excite- is seized with fear that he no longer has a home.
ment has passed off, and the Indian grows calm, The houseposts and trees come alive and take the
but appears exhausted”. Spruce bebió una pequeña  Torm of people. There is a strong sensation that
porción y reaccionó sólo con náusea. Continúa an animal is biting one's buttocks, a feeling of
diciendo: “White men who have partaken of the feet being tied. The earth spins and the ground
caapi in the proper way concur in the account rises to the head. There are moments of euphoria
of their sensations under its influence. They as well, When one hears music, the sound of peo-
feel alternations of cold and heat, fear and ple singing, and the sound of flowing water. The
boldness. The sight is disturbed, and visions  Cubeo do not take mihá for the pleasure of its
pass rapidly before the eyes, where in every- hallucinations but for the intensity of the total
thing gorgeous and magnificent they have experience, for the wide range of sensation. I
ever heard or read of seems combined; and spoke to no one who pretended to enjoy it”. (Gold-
presently the scene changes to things uncouth man, 1963, pp. 210-211).
and horrible. These are the general symtoms, El Padre Briizzi participó en dos ceremonias
and intelligent traders on the Upper Río Ne- de yajé entre los Tukano de Carurú-cachoeira y
gro, Vaupés and Orinoco have all told me the bebió una pequeña dosis pero no tuvo alucinacio-
same tale, merely with slight personal variation”, nes. Sin embargo, algunos de los indios partici-
(Spruce, 1908, II, pp. 419-421). Koch-Grinberg, pantes afirmaban haber visto “globos ou chamas
quien asistió medio siglo después a varias cere- luminosas”. Esta experiencia negativa hizo pen-
monias entre los Tukano del río Tiquié, dice lo sar a Briizzi que: “...os efeitos sinalados nos in-
siguiente: “Según me contaron los indios, todo se digenas devem ser explicados pela fácil excitabili-
ve mucho más grande y más bello de lo que es en dade da sua fantasia”. (Brilzzi, 1962, pp. 230-
realidad. La casa aparece inmensa y esplendorosa. 231).
Se ve una multitud de gente, sobre todo muchas Schultes tomó yajé en varias ocasiones y dice:
mujeres. Lo erótico parece desempeñar un papel “The narcosis amongst these people, with whom
principal en esta intoxicación. Grandes culebras I have taken caapi many times, is pleasant, cha-
— 329 —


--- Page 4 ---

racterized, amongst other strange effects, by co- che, los hombres, adornados con plumas y con el
lored visual hallucinations. In excesive doses, it cuerpo pintado, se reúnen en el interior de la
is said to bring on frighteningly nightmarish casa comunal (maloca) donde, sentados en peque-
visions and a feeling of extremely reckless aban- ños banquitos, recitan, charlan y cantan. Ocasio- - '
don, but consciousness is not lost nor is use of nalmente grupos de ellos se levantan para bailar,
the limbs unduly affected” (Schultes, 1960, p. al son de flautas de Pan, cascabeles de semillas
170). Más adelante, refiriéndose a la decocción secas y al compás de grandes tubos de madera que
de B. Inebrians usada en el alto Caquetá y Putu- se golpean contra el suelo. Uno o dos hombres .
mayo, dice: “...the drink had a very strong psy- reparten la bebida, ofreciéndola en pequeños cala- :
chotropic effect. Its intoxication had an initial bacitos a los asistentes quienes beben el líquido
stage of giddiness and nervousness, followed by con ademanes de disgusto. Los hombres que repar-
profuse sweating and nausea. Then began a period ten la bebida se acercan con gestos ritualizados,
of lassitude, during which a play of colors, at caminando a veces a brincos, y exclamando rápi-
first mainly a hazy blue, increased in intensity. damente: ma-ma-ma-ma-ma-ma (“¡toma!”). Con-
Thus eventually gave way to a deep sleep, inte- tinúan los bailes y cantos y en los intervalos se
rrupted by dreams and accompanied by feverish- reparten otras dosis, a veces hasta seis u ocho.
ness. No uncomfortable after-effects save a severe Hasta aquí el resumen de los hechos observados
diarrhoea were felt on the next day” (Schultes, por los diferentes autores. Pero nos preguntamos
1960, pp. 175-176). Refiriéndose a la maceración ahora: ¿Qué significa esta costumbre? ¿Qué sen-
en frío, usada en el Vaupés, que generalmente se tido tiene la experiencia alucinadora para el in-
prepara sólo de B. Caapi, dice: “As far as 1 was dígena? ¿Qué significa esto en la organización
able to judge from six or seven experiences with social? ¿Cómo se relaciona con sus tradiciones
caapi, the effects differ little from those from the míticas, su religión, su simbolismo; con todos sus
boiled concoction used in the Putumayo. The into- procesos mentales y psicológicos? ¿En una pala-
xication is longer in setting in, and much more bra cuál es la dimensión cultural del uso de este
of the drink must be taken, but the symptoms of alucinógeno ?
the intoxication and their intensity seem to me A continuación trataremos de contestar, apenas
to be very similar”. (Schultes, 1960, pp. 176-177). en parte, algunas de estas preguntas.

De especial interés es el trabajo de Mallol de
Recasens (1963). Esta investigadora obtuvo de un
indio Siona varios dibujos en colores represen- El Contexto Mitológico.
tando sus alucinaciones de yajé, junto con los .
comentarios personales del informante y las in- En el curso de mis investigaciones recogí una
terpretaciones dadas por el chamán, al cual el serie de mitos, en los cuales aparecen muchas refe-
informante había comunicado el contenido de sus rencias al yajé. Según los Tukano del Vaupés, la
visiones. En su análisis de los dibujos, Mallol de planta de yajé fue creada en la época mítica, como
Recasens observa que la planta de yajé ocupa uno de los elementos constitutivos más importan-
una posición central y simboliza un concepto de tes de su cultura. Resumiremos aquí brevemente
fecundidad femenina. Muchos otros elementos el Mito de la Creación de la Humanidad.
simbólicos se interpretan además como represen- La divinidad solar es un principio masculino
taciones sexuales pero otros se interpretan como fertilizador, de carácter fálico. Este falo, simbo-
expresiones de profundos conflictos respecto a la lizado por los rayos del sol y por la vara ceremo-
imagen materna, la autoridad del chamán y la nial de los chamanes, se colocó, en cierto momento,
influencia de las misiones católicas, Aunque la verticalmente sobre un determinado punto topo-
autora considera que su trabajo es apenas un gráfico localizado en la línea ecuatorial. El día
aporte metodológico, en realidad se trata de un del solsticio vernal, a mediodía, los rayos verticales
muy importante ensayo de colocar la experiencia del sol no echaban sombra alguna sobre las caras
alucinadora dentro de un marco cultural más verticales de ciertas rocas que yacían en la orilla
amplio, de los ríos y este signo portentoso marcó así los

Estas citaciones bastan para ofrecer una idea puntos centrales y sagrados donde el sol fertilizó
de las descripciones dadas en la literatura. Para la tierra. Estos lugares son, por ejemplo, las rocas
resumir este capítulo introductorio nos queda por del raudal de Ipanoré (bajo Vaupés) y la Piedra
explicar someramente el ambiente físico y social de Nyí, cerca del raudal de Meyú (bajo Pira-
en el cual se consume el yajé entre los indígenas paraná). Los petroglifos que se ven en estas rocas
del Vaupés, basándonos en los autores citados. Las conmemoran este acto. Por esta vara (rayo) fá-
circunstancias son, generalmente, las siguientes: lica descendieron gotas de semen y se formó la
varios trozos del bejuco fresco, del grosor de un humanidad. Los primeros hombres ascendieron
dedo, se maceran en un pilón de madera, añadién- ahora los ríos, embarcados en una gran anaconda
dose luego agua fría. El líquido se pasa por un que les servía de canoa y que combinó en sí un
colador para limpiarlo de fibras y trocitos de cor- simbolismo tanto uterino como fálico ?. El largo
teza, y se recoge en una vasija de cerámica, deco- viaje de la Canoa-Anaconda representa la disper-
rada y utilizada sólo para este fin, Al caer la no- sión de la humanidad que se estableció a lo largo

— 330 —


--- Page 5 ---

de los ríos, donde hay grandes raudales. Dichos mino miríri tiene también el sentido de saturarse,
raudales tienen asímismo un carácter uterino, de confundirse con algo, gratificarse, desbordarse.
gestación, donde brotaron ahora sucesivamente El nombre miriá-porá alude pues al acto: sexual,
huevos grupos sociales, al llegar la canoa. En el sobre todo en un sentido incestuoso, tal como apa.
curso de este largo viaje, la divinidad que guiaba rece en el mito que relata el pecado insólito de la
la canoa iba creando asímismo una serie de ele- divinidad solar. Cuando la Mujer-Yajé “ahoga”
mentos e instituciones culturales y estableció su a los hombres, el mito dice textualmente: “. ..gah-
código moral y social. Hasta aquí el esquema bá- Pi noméri miria-vaya/yajé-figuras-ahogolos”. La
sico. palabra noméri significa “figuras, imágenes” y
Ahora bien: según un mito de los Desana, en uno de los informantes que había estado en una
una de estas estaciones, llamada día víi/ casa del Misión católica, empleó este término para descri-
agua, abajo de Ipanoré, apareció una mujer llama- bir el reflejo resplandeciente de fuegos artificia-
da gahpí mahsó, la Mujer-Yajé. Mientras que los les sobre un cielo nocturno. Por otro lado, la pala-
hombres estaban reunidos en el interior de la casa, bra noméri describe también la actuación de una
bebiendo chicha, ella dio a luz afuera y la cria- mujer (nomé) _que se pinta la cara con punticos
tura resultó ser el bejuco de yajé. La mujer llevó rojos. Dice un informante: “A] tomar yajé, sé ven
al niño al interior de la casa, lo que causó gran cosas rojas que andan y saltan, El yajé es feme-
consternación entre los hombres. La criatura tenía ""ino y produce imágenes”. Podemos interpretar
forma humana pero, dice el mito: “...el niño ahora mejor el sentido del mito de la creación del
tenía forma de luz, era humano pero era luz, era yajé. La intoxicación con este alucinógeno se com-
yajé”. Al ver al niño, los hombres quedaron como para, en primer lugar, con un acto sexual que,
intoxicados porque “... la mujer los ahogó con además, tiene la connotación de ser incestuoso 3.
visiones”. Ella preguntó: “¿Quién es el padre de Según otra versión del Mito de la Creación, el
este niño?”. Un hombre que estaba sentado en un origen del yajé tuvo lugar en el raudal de Mihá.
rincón y de cuya boca goteaba la saliva, arrancó Fue allí donde la Mujer-Yajé concibió el niño, al
el brazo derecho del niño y dijo: “¡Soy yo!”. Los haber quedado fertilizada a través del ojo. En el
otros hicieron lo mismo; agarraron al niño, lo simbolismo de los Tukano encontramos con fre-
despedazaron y dispersaron sus miembros. “Aga- cuencia esta equivalencia de ojo y vagina y, en
rraron el cordón umbilical...” dice el mito, y así: este caso, el acto de fertilización se designa como
“*, . nuestros progenitores obtuvieron el yajé”. inyásaase, término que se deriva de inyase/ ver,
El simbolismo que encubre este relato mítico es y saase/ depositar, en el sentido de impregnar.
muy complejo. El concepto clave es aquí el que se Cuando se iniciaron los dolores del parto los hom-
expresa por el término de “ahogar”, y para acla- bres quedaron aturdidos” todos ( vihsipeo), pa-
rarlo, debemos referirnos a otro ciclo mítico, a labra que significa también extraviarse, equivo-
saber, el relacionado con el ritual de yuruparí. Con carse, y que se emplea para describir un estado
esta última palabra, tomada de la lengua geral, se psíquico durante el cual el comportamiento de la
designa en buena parte de la hoya amazónica, un persona es abiertamente contradictorio. El mismo
rito en el cual varias trompetas de corteza ocupan término se usa para describir una actuación abe-
un papel central. Estas trompetas tienen un ca- rrante, que se opone a las normas religiosas 3es
rácter sagrado y las mujeres no deben ni ver ni en este sentido que los hombres estaban desorien-
virlas, por tratarse de un rito efectuado sólo por tados. Este estado de los hombres se intensificó al
un grupo de hombres iniciados. En otra parte nacer el Niño-Yajé y al entrar Su madre con él
(Reichel-Dolmatoff, 1968, 127£f) hemos dado una por la puerta. De allí ella se dirigió hacia el cen-
descripción detallada de este ritual y resumiremos tro de la casa donde estaba un fogón y donde tam-
aquí sólo lo esencial. Entre los Tukano del Vaupés bién se había colocado una caja de espartos que
el yuruparí es la representación conmemorativa contenía los adornos de baile que el creador había
del incesto que el Padre Sol cometió con su propia dado a los hombres, Fue un momento de zozobra,
hija, en la época de la Creación, y la ceremonia en de gran agitación. Dice el mito: bectéonyati pa-
la cual se tocan estas flautas tiene por motivo ro/¡oh, era insoportable! :
principal la promulgación de las estrictas leyes Debemos interrumpir aquí este relato tukano
exogámicas que son características de los Tukano. para referirnos a algunos elementos simbólicos
En la mayoría de los dialectos Tukano, el yuru- que figuran en esta escena. En primer lugar, entre
parí se designa como miriá-porá, término deri- los Tukano, las grandes casas comunales (malo-
vado de miríri/ ahogarse, sumergirse, y porá/ hi- cas) tienen un simbolismo uterino y se designan
jos, descendientes. Según nos explicaron nuestros directamente como “útero del sib”. La puerta de
informantes indígenas, se alude a un concepto de la casa simboliza la vagina y el centro de la casa
procreación, de coito, acto que, entre los Tukano, es el lugar más sagrado donde se depositan, en
frecuentemente se compara con un estado de aho- ciertas ocasiones, los objetos ceremoniales. En
gamiento, embriaguez o alucinación. Durante el segundo lugar, el fogón es otro símbolo uterino
acto sexual, el hombre “se ahoga” y “ve visiones”. ya que es el lugar donde se opera una transforma-
Por: cierto, si una persona se sueña que se está ción, donde se produce un componente importan-
ahogando, eso pronostica una embriaguez. El tér- tísimo de la existencia: la comida. La caja en la
Ciencias — 3 - Hl — .


--- Page 6 ---

cual se guardan los adornos simboliza asimismo El Contexto Ritual, :

to elemento Í emenino ya que su contenido se Im- Observamos en los mitos que el bejuco del yajé
rpreta en términos seminales, fertilizadores, que identifica con un ser humano y que, durante el

son los “adornos” de los hombres. La escena en la de icentitica con ser mu o y que,

. . esmembramiento del Niño-Yajé, cada hombre se
eual la Mujer-Yajé entra por Fa Puerta y penetra lleva cierta parte del cuerpo de la criatura. Esta
a la casa, en medio del aturdimiento de los hom- paralela es de importancia para los Tukano porque
bres, equivale pues a un acto sexual, forma la base para el criterio bajo el cual se esco-

Sin embargo, uno de los hombres presentes no gen ciertas partes del bejuco para la preparación
perdió el juicio y, al arrojarse ahora los demás de la bebida, y también porque de esta manera
sobre el niño para despedazarlo, fue él quien “eo- cada fratría (o sea Tukano, Desana, Pira-Tapuya,
gió la primera rama de yajé”. Los demás, según  Uanano, Barasana, etc.) tiene su atributo especí-
su rango social, se apoderaron cada uno de “su fico de yajé, escogido por su antepasado durante

. yajé”. el sacrificio del niño. En efecto, cada fratría exo-

Hay ahora un cambio de escena en el mito. En gámica de los Tukano consume su propio yajé,
la casa, junto con los hombres, había también mu- determinado por detalles externos del bejuco y
chos animales y algunos de ellos, sobre todo ciertos también por las características de su respectivo
micos y la danta, habían quedado profundamente efecto alucinógeno. Los Desana, por ejemplo, men-
afectados por la intoxicación de yajé, es decir por cionan por lo menos cuatro clases de yajé que
el acto sexual. En una escena tumultuosa y entre tradicionalmente les corresponden, a saber “yajé
exclamaciones y risas, estos animales comenza- de nudos _(korepida) » y ajé de guamo (mere-

: pida), “yajé de tooka” y “yajé de duhtú-puu-sere-

ron ahora a devorar sus rabos. Ahora bien, ”; »
tanto la cola de los micos como los micos en sí da” + Los Pira-Tapuya (Gente-Pescado), otra
. . Ñ . fratría de los Tukano, dicen usar una categoría
simbolizan el pene y la sexualidad masculina llamada gahpí-da vaí/ yajé-rama-pez. Los Bara-
incontrolada e incestuosa; en efecto, en el lengua- sana del Pira-paraná dicen usar las siguientes
je obsceno de los hombres Tukano se utilizan clases de yajé, enumerando algunas de sus carac-
frecuentemente términos alusivos. Según comen- terísticas: a) “Yajé de jaguar rojo”, para acos-
tan los informantes, “comerse la cola” significa tumbrarse a los efectos generales del alucinógeno
aquí el coito, y añaden que los animales que comie- y para tener visiones referentes a la coca y al
ron sus rabos estaban cohabitando bajo la influen- tabaco, en colores amarillos; b) “yajé de guamo”,
cia del yajé. Al mismo tiempo, los hombres se para tener alucinaciones referentes a los cantos
armaron de una vara ceremonial, la misma vara ceremoniales; c) “yajé de cabeza”, para ver en
fálica por la cual había descendido la humanidad las alucinaciones los diversos colores de los ja-
a la tierra, y ahuyentaron con ella la influencia guares; d) “yajé de sangre”, para tener Misiones
del yajé de la casa. Dice uno de los comentarios : de color rojo, Mencionan además un “y aje de los
“Con esta vara lo rechazaron. El yajé debía pro- animales de la selva que produce alucinaciones
ducir sólo sensaciones agradables, pero a algunos predominantemente rojas y azules, y un yaJe de
produjo lo contrario y por eso lo rechazaron. Lo culebra” que, según se dice, ya no se consigue en
rechazaron con un pene” : la región. Otra clase, denominada “yajé de pes-

El mi o cado”, se dice ser privativa de los chamanes de la

_El mito continúa diciendo: “Se acabaron las fratría Tukano, quienes lo toman para establecer
visiones. Habían encontrado su bebida. Toda la contacto con el Dueño de los Animales; además
gente adquirió así sus tradiciones, sus ritos y dice producir alucinaciones referentes al poder
cantos . El narrador explica que la fratría Tukano fertilizador del rayo solar y al dominio masculino
cogió la segunda rama de yajé y que: “...too sobre las mujeres. Una clase de yajé designada
mihsi kéhéa vaaro méha/ de allí ya continuó la como “de carne”, se dice ser propia de la Fratría
línea, dando a entender que se comparaba la línea Karapana. Cada fratría de los Tukano tiene así
de descendencia con un bejuco largo. sus “propias” alucinaciones. Pero tampoco son

En otro mito, también narrado por los Tukano, exclusivas; un individuo de una fratría puede ver
el Niño-Yajé sobrevivió y se volvió un anciano en sus alucinaciones imágenes que “pertenecen”
que celosamente guardaba su secreto de la acción a otra fratría. Son visiones parciales que se intro-
alucinógena. El mito dice: “De ese viejo formaron ducen a una imagen total y que se distinguen
el semen, pues fue el poseedor del yajé. El deseo inmediatamente como “ajenas”.
de poseer este pene llevó a la creación del semen. En cada planta de yajé los indígenas distinguen
El viejo era el dueño del yajé, es decir el dueño del ramas o trozos de diferentes colores, como por
acto sexual. Ellos son los hijos y él es el padre”. ejemplo, verdes, rojas o blancas. Estos colores no

Visto dentro del contexto de la mitología de los se refieren solamente al aspecto externo del be-
Tukano, el yajé tiene pues un marcado carácter juco sino, ante todo, al color predominante de las
sexual. Alucinación y coito se equiparan, pero no alucinaciones causadas por su uso. Cierto yajé
en un sentido de gratificación o procreación sino propio de los Desana hace ver “coronas de plumas
como una experiencia angustiosa por relacionarse que brincan” o culebras en forma de collares que
con el problema del incesto. se enroscan alrededor de los horcones de la casa.


--- Page 7 ---

Otra clase de yajé se dice producir alucinaciones tooka, una pequeña planta no identificada que
de “culebras que brincan”. Desde luego, si habla- tiene un zumo blanco, poseen un marcado caráctér
mos aquí de diferentes clases de yajé, no nos refe- seminal. Se trata pues de un acto sexual simbólico,
rimos a distintas especies botánicas sino a una de una inseminación de carácter curativo, después
clasificación de carácter mágico que establecen los de la cual el peligro queda neutralizado (Reichel-
indígenas. Sin embargo, en el fondo de esta clasi- Dolmatoff, 1968, pp. 133-142). Al pronunciar esta
ficación es posible que exista la experiencia tradi- fórmula sobre los tallos de yajé se elimina el
cional de que ciertas partes del bejuco, o sean las dehkó-bogá, la “fuerza del líquido”, es decir, en

: raíces, partes del tronco inferior o las ramas fres- este caso, el componente nocivo de la bebida, que
cas, contienen concentraciones diferentes del com- ahora se destierra “a la desembocadura de los
ponente alucinógeno y causan entonces diferentes ríos”.
visiones. En efecto, saber combinar ciertos tallos En teoría, la preparación del yajé es un proceso
tomados de varios bejucos es una de las preocupa- muy complejo y altamente formalizado, que con-
ciones principales al prepararse la bebida. La lleva una serie de requisitos y restricciones. Los
combinación no obedece a las disponibilidades tallos deben ser cortados por los hombres en cierta
casuales sino ante todo al efecto que se desea ob- parte de la selva, a cierta hora del día, y de acuer-
tener, y este efecto depende también de la ocasión do con su posición en el bejueo. En seguida se
en la cual se consume la bebida. Cada ceremonia, deben macerar en una canoa de madera, utilizando
y más aún, cada baile, necesita.su preparación un pilón pesado, a veces una maza, y los golpes
específica. Se trata pues de controlar la intensidad deben efectuarse con un determinado ritmo e in-
y calidad de las alucinaciones. tensidad de sonido. Sea dicho aquí que de ningún

Se sabe que los efectos del yajé pueden ser agra- modo se puede excluír la posibilidad de que los
dables o desagradables, causando estados de eufo- Tukano añaden a la preparación a base de B.
ria o de terror. Parece posible que estos dos Caapi algunos ingredientes que, eventualmente,
efectos se sigan como fases, cronológicamente, en aumentan los efectos del alucinógeno. En una des-
el curso de una misma intoxicación, pero también cripción del ritual, obtenida de los Desana, se dice
es factible que ciertas personas tengan más bien que tanto esta fratría como la de los Pira-Tapuyo,
experiencias agradables y otras, desagradables.  *Maden a veces una planta llamada bayapia y que
Lo ideal, según los indios, sería tener sólo visiones ésta nos hace tener náuseas” (irá ya bayapia
bellas y placenteras que la persona pueda gozar arika iritó soyaró ahpaka). Desafortunadamente
de un modo pasivo y en un estado de descanso. En carecemos de detalles sobre este aspecto tan inte-
cambio, la náusea o la intoxicación que lleva a un resante, .
comportamiento incontrolable o a visiones terro- La maceración de los tallos se efectúa siempre
ríficas, se consideran como peligrosas. Se dice que fuera de la casa y es allí mismo donde se añade
algunas personas se vuelven agresivas y comien- ahora agua fría y se cuela el líquido en un reci-
zan a reñir con sus compañeros; otras se arrancan piente especial.
sus adornos y aún se despojan de su cubresexo; Esta vasija es un objeto ritual de importancia
orinan y defecan en público, y se conducen “como y consiste de un recipiente de cerámica de unos 25
animales”. Obviamente, el efecto depende de un cms. de altura, de cuerpo globular, provisto de una
gran número de factores difícilmente controlables, base cilíndrica alta y de dos pequeñas asas en el
como lo son las propiedades de la planta, el modo borde del orificio. Estas agarraderas están perfo-
de preparación, el ambiente social y psicológico de radas y, pasando por ellas una cuerda, la vasija
la reunión, y la personalidad del consumidor. El se puede transportar o colgar. La olla de yajé
efecto es, pues, en gran parte imprevisible y al (gahpí soró) debe estar manufacturada por una
tomar yajé la persona siempre corre el riesgo de mujer anciana que, para alisar y pulir las super-
tener visiones extremadamente angustiosas. Este ficies internas y externas, utiliza una piedra espe-
hecho preocupa mucho a los indios quienes, fuera cial muy dura, lisa y de color amarillo. Esta pie-
de la combinación de los componentes utilizados, dra la interpretan los Tukano como “un falo que
tratan de influír mágicamente sobre los efectos va modelando” la vasija que es un receptáculo
del yajé con el fin de eliminar sus aspectos an- uterino. En efecto, la olla de yajé representa para
gustiosos. Existe pues una larga serie de ensal- los indígenas un útero, el vientre de la madre, y
mos y cantos que deben pronunciarse al preparar es, asimismo, un modelo cósmico de transforma-
la bebida. Al recitar un ensalmo sobre los tallos ción y gestación. El exterior lleva, sobre el fondo
de yajé, se emplea generalmente una fórmula de oscuro natural, una serie de pinturas policeromas
exorcismo que se usa también en la curación de en blanco, amarillo y rojo, los dos primeros colo-
ciertas enfermedades y que se resume esencial. res representando el principio de la fertilización
mente a la exclamación : ahpiko suu tooka aí tuún- y el último la fecundidad. Sobre la base cilíndrica
yeanugukama, queriendo decir que el componente se pinta a veces una vagina y el clítoris, represen-
nocivo se “unta de leche y se unta de tooka y se tándose así la “puerta”. Cuando la olla de yajé
destierra”. Los informantes coinciden en afirmar no está en uso, se guarda suspendida de una vara
que, tanto la leche (sea materna o sea el zumo afuera de la casa, debajo del techo sobresaliente,
blancuzco de ciertas plantas) como también la pero cuando se prepara el yajé, la vasija se limpia
33 — .


--- Page 8 ---

de polvo y, eventualmente, se retoca la pintura. mente, dando a entender que tiene que dominarsé
Antes de usarla, la olla debe purificarse con humo mucho para pasar la bebida. A veces, el hombre
de tabaco, lo mismo como la varita con la cual se que reparte la bebida, golpea rápido los brazos
rebullirá la bebida antes de consumirla. Al lle- doblados contra el tronco, produciendo un sonido
narla ahora con el líquido, un hombre la lleva al sordo que se acompaña con la exclamación : tsavé,
interior de la casa y la coloca en un lugar oscuro. demostrando alegría y actividad. :
Desde luego, todo esto sería la conducta ideal, pro- Generalmente se reparte unas seis a ocho co-
mulgada en mitos y narraciones que explican las pitas de la bebida, en intervalos de aproximada-
normas rituales pero, en realidad, la preparación mente una hora. Entre las reparticiones se canta,
se efectúa a veces con un mínimo de manifes- se baila y se charla. Sea dicho que en estos bailes
taciones rituales. de los hombres no se observan movimientos pélvi-
Tratándose del consumo colectivo de la bebida cos u otros gestos alusivos al sexo. Es importante
alucinógena, el procedimiento es, a grandes rasgos, anotar aquí que, al aumentar los efectos del yajé,
el siguiente, basándonos aquí en nuestras propias aumenta asimismo la precisión de los pasos de los
observaciones: los hombres, adornados y pinta- bailarines. El ritmo general y los movimientos
dos, se sientan en sus banquitos, de espaldas a la individuales se coordinan más y más, y con el
puerta de entrada. Al caer la noche, se enciende tiempo los bailarines parecen formar un solo cuer-
una gran antorcha de brea, colocada aproximada- Po que se mueve en un ritmo sumamente contro-
mente en el centro de la casa y que despide una lado y preciso. Con frecuencia un hombre toma
luz intensamente roja. Entre los representantes una vara o maza y, asumiendo una posición ritua-
de la casa y los de la fratría exogámica que se lizada de desafío, exclama: “¡Así ensartaría yo la
invitó para el evento, se desarrolla ahora un largo cabeza de mi enemigo!”. Este tema se elabora a
diálogo ceremonial. Se recita el Mito de la Crea- veces y los hombres se levantan y gesticulan vio-
ción y las genealogías de las fratrías. Con la vara lentamente. Otra actitud ritualizada consiste en
fálica que, por una pequeña cámara sonora, sirve lanzar insultos hacia la olla de yajé. Los hombres
de sonajera, se conmemora el origen de la huma- gritan: “¡Voy a beber tu contenido pero luego te
nidad y luego ya se tocan diversos instrumentos voy a dar un puntapié! ¡Cuando estés vacía, voy
musicales, tales como flautas de Pan y silbatos. a orinar sobre ti! ¡Te voy a llenar de excremen-
Los bailes que se inician ahora están acompañados tos!”. Los hombres se dirigen a la olla como a un
de cantos y los hombres marcan el compás con ser femenino que los desafía, que ofrece un peligro
grandes bastones tubulares cuyos extremos infe- que ellos están dispuestos a enfrentar.
riores se golpean contra el suelo. Además ellos Las alucinaciones se designan con el término
llevan sonajeras de semillas en los tobillos y en genérico de gahpií gohóri/ yajé-figuras”. Según
los codos. Un instrumento musical consiste de una los informantes, la palabra gohóri se deriva de
caparazón de tortuga que, en el extremo del plas- gokhsisé/ reflejo, aureola; gohóri es “algo que se
trón, lleva un cuerpo de cera; manteniendo el ve” pero se añade que no es tangible ni tampoco
caparazón bajo el brazo izquierdo se fricciona la imaginario; es una proyección. Los indígenas di-
cera con la mano derecha, produciéndose un sonido cen que el orden de las alucinaciones es fijo y que
rápido, parecido al croar de un sapo. ciertas imágenes se ven sólo después de la tercera
Cada repartición de yajé se anuncia por un copa, la cuarta copa, y así sucesivamente. Tam-
toque de trompeta, instrumento manufacturado de bién enfatizan que, para obtener alucinaciones
cerámica y decorado con pinturas policromas. El nítidas y agradables, es necesaria la abstinencia
jefe de la casa, delante del cual está colocada en sexual y una dieta muy liviana durante los días
el suelo la vasija, rebulle el líquido con una precedentes, y durante la ceremonia se considera
pequeña vara, haciendo un ruido seco como una muy necesario entrar en sudor y participar con
matraca y llena dos pequeños calabacitos (gahpt actividad en los bailes.
kóa) con la bebida, brindándolos a los hombres y En toda la ceremonia hay un elemento rítmico,
canturreando en voz rápida: ma-ma-ma-ma-ma- cíclico; un concepto de actos o encuentros. Se toca
ma-ma (“¡toma!”). Caminando frente a la hilera la trompeta, se ingiere la bebida, y en seguida se
de hombres sentados, les ofrece a cada uno una baila. Luego viene un breve descanso y aparecen
copa y regresa cada vez a su puesto para llenar las alucinaciones. Hasta que nuevamente se toca
los calabacitos nuevamente. Según el ritual, el la trompeta y se repite el proceso. En cada encuen-
repartidor de la bebida debe acercarse desde “aba- tro, para decir así, la persona no sabe anticipada-
jo”, el otro extremo de la casa, y “subir” hacia mente qué ocurrirá: algunos ven colores y formas
los asistentes, caminando con pasos rápidos; confusas; otros ven toda una escena mitológica;
súbitamente debe agacharse y pisar duro con un otros vomitan y no ven nada. Hay un aspecto de
pie, posición ritual que se designa como gubúro azar, una expectativa intensa que domina a los
moári (pie-hacer). Otras veces, al agacharse así, hombres. .
sólo levanta un pie, lo que se designa como yuri- En ocasiones un viejo o un hombre con atribu-
meneri. Otros gestos rituales son los siguientes : tos chamanísticos, habla en voz alta y explica las
la persona que bebe el líquido hace ademanes de alucinaciones, como si todos vieran exactamente lo
disgusto, tuerce la boca y luego escupe exagerada- mismo. Dice, por ejemplo: “Este temblor que se
— 3344 —


--- Page 9 ---

siente son los vientos de la Vía Láctea” o “Aquel del trance, el individuo queda ahora confirmado
color rojo es el Dueño de los Animales”. de la verdad de su sistema religioso, pues ha visto
En la oscuridad del otro extremo de la casa es- con sus propios ojos las personificaciones y esce-
tán sentadas las mujeres. Su función consiste en nas míticas.
animar a los hombres lanzando de vez en cuando Por otro lado, el retorno a la matriz es un acto
una aguda risa o exclamando palabras de desafío incestuoso ya que la persona se identifica con un
y de desprecio para los “cobardes” que siguen vo- falo que penetra al seno materno donde ahora pasa
mitando o que, eventualmente, rechazan la bebida. de un estado embrionario a un estado de renaci- |
Frecuentemente los hombres lanzan entonces gri- miento. Esta transformación que se efectúa
tos, exclamando: “¡nuri-mahsá!” (gente de cohabi- durante las alucinaciones, se considera ser un
tar) o “¡koré-mahsá!” (gente-vagina), pero estas proceso extremadamente peligroso porque no todos
exclamaciones no se dirigen a mujeres individua- saben concebirlo como una purificación en la cual
les, ni a las mujeres presentes en la maloca, sino, la persona debe despojarse de todo lo corporal
de un modo impersonal, al elemento femenino de terrestre; algunos siguen manteniendo nexos con
las fratrías con las cuales existe una relación exo- el mundo profano y, al penetrar ahora al mundo
gámica *, . sagrado, sufren las consecuencias aterradoras de
La estricta ritualización arriba descrita no se un acto insólito.
observa, desde luego, en todos los casos. A veces Según los Tukano, después de una fase inicial
son unos pocos hombres que se reúnen a tomar de luminosidad indefinida, de formas y colores en
yajé, canturreando y charlando en un rincón, y movimiento, la escena se aclara y se definen de-
aun durante ceremonias importantes se suprimen talles significativos. Se ve la Vía Láctea y el
en ocasiones algunos detalles de gestos o palabras reflejo lejano fertilizador del sol; se ve la primera
ritualizadas. mujer surgir de las aguas del río y formarse la
primera pareja de ancestros. Se ve al dueño so-
brenatural de los animales de la selva y de las
El Contexto Simbólico. aguas; los prototipos gigantescos de los animales
de presa; el origen de las plantas, de la vida en
La razón objetiva por la cual un individuo o un sí. También aparecen los principios del Mal; los
grupo humano consume habitualmente un alucinó- jaguares y las culebras, los representantes de las
geno es, desde luego, de máximo interés para la enfermedades y de los espíritus de la selva que
antropología. ¿Se trata de una huída de la reali- acechan al cazador solitario. Al mismo tiempo se
dad? ¿De un rito religioso? ¿De una experiencia oyen sus voces, se percibe la música de la época
filosófica a través de la cual se pretende lograr un mítica y se ven los ancestros bailando al amanecer
estado de sublimación, de equilibrio, de integra- de la Creación. Se ve el origen de los adornos de
ción? ¿O es que se sondea una nueva dimensión baile, de las coronas de plumas, de collares, braza-
vivencial de otra “realidad”; o se busca una expe- letes e instrumentos musicales. Se ve la división
riencia dionisíaca, orgiástica? De todos modos, la en fratrías y las flautas de yuruparí promulgan
contestación a la pregunta de por qué se consume la ley de la exogamia. Y detrás de estas visiones
un alucinógeno, nos llevará a dimensiones muy se abren nuevas “puertas” y por sus aberturas se
profundas y muy complejas de los mecanismos vislumbran otras dimensiones, aún más profundas,
psico-culturales del grupo en cuestión y descu- Se traspasan los niveles cósmicos hasta percibir,
brirá motivaciones íntimas y encubiertas que sólo cada vez más fuerte, la energía fertilizadora del
raras veces se manifiestan en otros aspectos de la sol, en un ambiente de luz amarilla 7. Por cierto,
conducta social. mientras que se distinguen claramente las perso-
Según dicen los Tukano del Vaupés, el objetivo nificaciones masculinas y los animales de la selva,
de tomar yajé es regresar al útero, a la fons et las personificaciones femeninas y los peces sólo
origo de todas las cosas, donde la persona “ve” aparecen bajo formas simbólicas.
ahora las divinidades tribales, la creación del Uni- Pero no todo se ve en una sola alucinación, ni
verso y de la Humanidad, la primera pareja; la tampoco todas las veces,
creación de los animales, y el establecimiento del Ocasionalmente el individuo despierta de su
orden social, sobre todo con referencia a la ley trance en un estado de gran calma y de profunda
exogámica. Durante el ritual, la persona entra por satisfacción; otras veces apenas pudo captar vi-
la “puerta” de la vagina pintada en la base de la siones parciales, imágenes fugaces e inquietantes,
vasija y, en el interior del recipiente, se une con difíciles de interpretar. Y otras veces aun la per-
el mundo mítico de la Creación. Por cierto, este sona queda abrumada por la pesadilla de las fau-
dibujo en la vasija se designa como gorosiri/ ces de los jaguares o por la amenaza de las cu-
lugar de origen, útero, o también, lo que es muy lebras que se acercan mientras que él, paralizado
significativo, lugar.de regreso, lugar de la muerte. de terror, siente cómo sus fríos cuerpos se van
Este retorno al útero es también una aceleración enroscando alrededor de sus extremidades.
del tiempo y equivale a la muerte, Según el decir La experiencia alucinatoria es, para el indígena,
: de los indios, la persona “muere” pero revive luego esencialmente una experiencia sexual. Sublimarla
- en un estado de sabiduría porque, al despertarse y pasar de lo erótico, sensual, a una unión mística
- 35


--- Page 10 ---

con la etapa mítica, la etapa intra-uterina, es el nes y, en efecto, obtuvimos sin dificultad una
n P p . A Ñ
objetivo final que es logrado por algunos pero larga serie de dibujos. Ofrecimos a los. hom-
anhelado por todos. La expresión más diciente de bres una escogencia de doce lápices de colores y
10 P Pp > p
este objetivo la encontramos en las palabras de un hojas de papel blanco, de 28 x 22 cms., armados
indígena, educado por los misioneros, quien dijo: sobre una tablilla de madera. Todos eran hombres
“Tomar yajé es un coito espiritual; es la comunión adultos que con frecuencia tomaban yajé; eran in-
.. . Pp :
espiritual, como dicen los curas”. dígenas no aculturados, que no vivían en contacto

p qe .. .

La interpretación de estas ideaciones pertenece Con la civilización, y ninguno de ellos hablaba es-
al campo de la psicología y psiquiatría. Para el pañol. Los hombres se dedicaron con gran interés
antropólogo, lo más interesante es la observación y concentración a esta tarea y gastaron de una a
siguiente: los indígenas afirman que todo lo que dos horas para terminar cada dibujo. Algunos de
nosotros designaríamos con el término de arte, ellos manufacturaron en seguida sus propios uten-
está inspirado y basado en la experiencia aluci- silios de dibujo, empleando para ello espartos y
nadora. Debemos elaborar esta idea que, desde finas cuerdas de fibras, a saber: una regla larga,
luego, es de un interés muy grande y plantea un una más corta, una regla con filo ondulado, un
problema sorprendente. semicírculo y un círculo. Los modelos para hacer

Los Tukano, por lo menos aquellos grupos que estas pequeñas herramientas eran otras mucho
aún viven en relativo aislamiento, cubren a veces más grandes, que utilizan para pintar las paredes
la parte frontal de sus casas con grandes dibujos, de las malocas, Para mis dibujos, primero traza-
geométricos o figurativos, ejecutados con colores ron Un marco rectangular y dividieron luego el
minerales sobre la pared hecha de corteza. Al pre- espacio en sectores convenientes, Muchas veces,
guntarles por el significado de estas pinturas, con- antes de dibujar un motivo en el papel, lo trazaron
testaron simplemente: “Eso lo vemos cuando to- primero en el polvo del piso, mirando luego este
mamos yajé; son gahpt gohóri/ figuras de yajé”. modelo al copiarlo en la hoja. Los colores que se
Ahora bien: la misma contestación la recibimos escogieron espontáneamente eran exclusivamente
al preguntar por otras expresiones artísticas, co- rojo, amarillo y azul, y sólo muy raras veces se
mo lo son los ornamentos que se usan para adornar od eolor carmelita. Causó comentarios que
los utensilios. Estos objetos decorados son, prin- no había escogencia de varias tonalidades de los
cipalmente, los siguientes: cerámica, telas de cor- colores, ya que los Tukano distinguen en gran de-
teza, banquitos, calabazas, maracas, trompetas, talle entre amarillo elaro, amarillo anaranjado,
bastones sonoros de baile amarillo rojizo, etc. y evidentemente hubieran pre-

Al examinar en detalle estos objetos se nota in- ferido hacer los dibujos utilizando una gama más
mediatamente que ciertos motivos decorativos se amplia de ad o de po caos psico Al
repiten consistentemente. Encontramos, por ejem- fónica 1 r0uJo, E . £-
plo, el mismo motivo pintado en la pared de una netofónica a explicación que cada artista daba de
casa, luego inciso en una maraca y luego también su obra, consistiendo ésta, a veces, en algunos co-
a dornan do un taparrabo de tela de corteza. Son aros muy lacónicos, a veces en largas y deta-
elementos decorativos que coinciden, que forman adas elaboraciones pes a id equeñ Ñ
series y que se combinan luego con otros, creando de idos tamos o e en losa eootían om
así un estilo de arte que es característico de los - 308, . que e s Se repetían con-
Tukano. Al observar nuestro interés en estos mo- sistentemente ciertos motivos. Preparamos luego
tivos decorativos, los indígenas explican, de la una serie de tarjetas numeradas, dibu jando en
manera más natural, que se trata simplemente de cda una un motivo, entresacado y copiado de los
motivos que ellos han visto en sus alucinaciones 1bujos grandes. Al mostrar ahora estas tarjetas
de yajéS, a un gran número de hombres que no habían hecho

Pero yendo más allá obtuvimos resultados to- dibujos para nosotros, solicitando su interpreta-

; % + ción, pudimos observar que en la mayoría de los
davía más sorprendentes que debemos describir .- eze : 4
aquí en detalle. Es rácticamente una rutina que casos ésta coincidía y pudimos constatar as! que
cta ólogo o frenca 5 supo que estudia algunos estos motivos estaban codificados, teniendo el va-
lápices o pinturas, y los O a dibujar cual. lor fijo de signos ideográficos. Al mismo tiempo
quier cosa que se les ocurra. De este modo se pue- observamos que la interpretación de estos signos
den obtener algunos dibujos más o menos an hacía referencia, en muchos casos, a aspectos de

, . fisiología sexual y, en relación con ésta, a la le,
logrados, que muestran eventualmente, una casita, de ex egami a y Y y
una tortuga o un pez. Muchas de estas muestras o ;
de “arte primitivo” se han Public ado pero, en el ' Los motivos así aislados pueden agruparse de
Ñ , la manera siguiente:
fondo, no se pueden considerar como representa- E .
tivas de una expresión artística creativa y propia, 1. Organo masculino.
: porque no dejan de ser meras réplicas de un . 2. Organo femenino. :
modelo real, que se manufacturan según la habi- 3. Ut 21.
Ñ > a . Utero fertilizado.
lidad manual del dibujante. En el curso de nues- .
tras investigaciones sobre el yajé, pedimos de los 4. Utero como pasaje. .
indígenas que hicieran dibujos de sus alucinacio- 5. Gotas de semen. .
: — 33% —


--- Page 11 ---

6. Anaconda-canoa. 14. Arco Iris.
7. Fratría. 15. Sol.
8. Grupo de fretrias. 16. Crecimiento vegetal.
9. Descendencia. 17. Pensamiento.
10. Incesto.
11. Exogamia. 18. Bancos.
12. Caja de adornos. 19. Maracas.
13. Vía Láctea. 20. Horqueta de tabaco.
1 2 3 4
5 6 7 8
| 9 10 11 12
e e e? o a?
e... . ?
e... ?
bt... Oo
.... o
.....
.....s
13 14 15 16
rr
17 18 19 20
FIGURA 1. Motivos codi ficados de los Tukano.
Antes de entrar a la discusión de los motivos chas materias que tienen, para los Tukano, un
individuales, cabe decir algunas palabras sobre carácter marcadamente seminal y que, simbólica-
el simbolismo de colores de los Tukano. Los colores mente, son equivalentes del semen virile: saliva,
amarillo y blancuzco simbolizan un concepto rocío, el zumo de ciertas plantas, el componente
seminal y están siempre asociados con la idea de gelatinoso de ciertas frutas, el almidón de yuca,
fertilización masculina o solar. Las diversas to- el algodón, la miel de abejas, los rayos del sol y
nalidades representan entonces diferentes grados otros fenómenos más. El color rojo, en cambio,
de intensidad de esta energía fertilizadora y es un significa el principio complementario opuesto pues
tono amarillo anaranjado el grado más alto. Estos simboliza la fecundidad femenina. Es el color del
colores amarillos y blancuzcos son propios de mu- útero, del fuego, del calor. Estos dos grupos de
- 337 -


--- Page 12 ---

colores, el uno “frío” y:el otro “caliente”, el uno 5. Las hileras de círculos o de puntos redondos
masculino y el otro femenino, son esencialmente simbolizan el semen virile; en un sentido trans-
benéficos. El tercer color fundamental es azul. ferido pueden simbolizar una descendencia o la
El color azul es sexualmente neutral y moralmente vida en sí.

ambiguo: simboliza ante todo un principio de co- 6. Varias líneas onduladas paralelas, dibujadas
municación expresado por el pensamiento, el humo en sentido horizontal y en diferentes colores, re-
de tabaco que se fuma ritualmente, y por los can- presentan la Anaconda-Canoa en la cual llegó la
tos y ensalmos. Ya que la comunicación puede te- humanidad.

ner motivaciones o resultados tanto benéficos 7. Un rombo con punto central representa una
como maléficos, el color azul puede ser bueno o £ - , .

- . ratría. Según el color del punto, rojo o azul, se
malo, y su carácter depende en cierto grado de su trata de “ tr te” o de “otra gente”
combinación significativa con otros colores. Por rata de “nuestra gente” o de 2 g *
ejemplo, si se encuentran asociados log colores 8. Un grupo de rombos, en rojo y azul, y con
amarillo y rojo, se trata de un principio benéfico, puntos centrales del color opuesto, representa la
de relación complementaria y recíproca. Pero al oposición de un grupo de fratrías exogámicas.
asociarse el color rojo con el color azul, aparece 9. Una hilera vertical de rombos, a veces sim-
un componente de oposición que, aunque bien pue- plificada en forma de línea en zig-zag, representa
de estar institucionalizado, como en el caso de dos una descendencia, un concepto de fecundidad y de
fratrías exogámicas, también puede simbolizar un continuidad social.
principio de lucha en la cual el componente “malo” 10. U iral simboli Li 4
trata de imponerse sobre el “bueno”. Los detalles + ""na espiral simbo'Iza € Incesto y repre-
de este sistema simbólico han sido tratados en senta las mujeres prohibidas. Es el signo del yu-
otra parte (Reichel-Dolmatoff, 1968) y basta rupart. Se dice que este motivo se deriva de la
pues aquí con lo arriba expuesto. On que una flauta de yuruparí deja al po-

Mencionaremos ahora algunos de los motivos verla oca abajo en esco. En efecto, estas Da
codificados cuya lista hemos dado arriba. En la as rel E e un tu o de corteza que se enrolla
Figura hemos representado, de un modo muy es- en espira . Por asociación, se compara con un ca-
quemático, estos motivos y se trata, en cada caso, racol de tierra,
del mero esbozo del motivo que, al ser dibujado 11. Este motivo, parecido a una flor de lis, sim-
por el indígena, se elabora luego en detalle. Por boliza la exogamia, las mujeres permitidas. Se
ejemplo, las líneas principales pueden ser dobles dice derivarse del aspecto de dos trampas de pes-
o triples; pueden tener pequeñas ramificaciones y cado puestas de espaldas. Estas trampas, que es-
trazarse en diferentes colores. Asímismo, el tama- tán tejidas de espartos, tienen un carácter sexual
ño es muy variable. Esta elaboración depende y se comparan con una vagina en la cual entran
pues del artista individual y aquí damos apenas el los peces que, en este caso, tienen un carácter
esquema básico, pero inconfundible de cada mo- fálico. :
tivo. 12. Dos o más rectángulos concéntricos simbo-

1. El órgano masculino se indica por un trián- lizan una caja con adornos de bailes, es decir un
gulo acompañado de cada lado por una línea verti- elemento uterino.
cal que termina en una voluta. Este signo se llama 13. Hileras verticales de pequeños puntos re-
vahsú, nombre que se da a la fruta del árbol de tan la Vía Láctea
caucho (Hevea pauciflora var. coriacea). Esta presen : "" ,
fruta es comestible y representa, durante la esta- 14. Semicírculos paralelos son la representación .
ción de las lluvias, un alimento predilecto aunque del Arco Tris el cual simboliza una vagina.
no siempre accesible. Se le atribuye un marcado 15. Este motivo representa al sol, como prin-
carácter seminal, tanto por el latex del árbol como cipio de fertilidad. Cuando se trata de varios

por la masa gelatinosa que cubre las frutas y am- círculos concéntricos, puede también simbolizar
bos se asocian con el semen. una vagina.

2. El órgano femenino (loré) se representa 16. Esta estilización simboliza el crecimiento
por un rombo. Si se añade en el centro un pequeño vegetal en lo general.

: círculo, significa la fertilización. . . 17. Las líneas onduladas que se extienden en

3. Una elipse u óvalo que contiene varios círeu- sentido vertical simbolizan el pensamiento crea-
pos 0 semi-círculos, representa un útero fertili- tivo y, a veces, la energía del mismo creador solar.

4. Este elemento en forma de U representa la _18. Pequeños rectángulos que contienen cortas
entrada al útero y, en un sentido transferido, una líneas paralelas simbolizan los banquitos de ma-
“puerta” o el “cielo”. Indica la ruptura de un ni- dera de los hombres, que se adornan de esta, ma-
vel cósmico y el tránsito a otra dimensión de la nera. En ocasiones estos bancos tienen un carácter
percepción. El motivo debe verse como un marco ritual,
que encierra una cavidad, de manera que el pe- 19. Este motivo representa las maracas y, por
queño cuerpo vertical del centro representa el extensión, los cantos y ensalmos que se acompañan
elítoris, con el tintineo de estos instrumentos. .

= 38 —


--- Page 13 ---

> dÍ dó IP e OSA an >,
— US AT Dibujos de los indios Tukano
A A == So del Pirá - paraná (Vaupés).
A Y A > uu PS
y YAA A A
a > PS uy a FR AS
ye AT o AGUA VIIS 07.
zx ESMAS
> EN = DI Po GO
o NAAA a ESA ERA
Estos dibujos representan EXQIN YES a AUS ad q
£ A : ad $ A ""WA BI ». Y al
imágenes alucinatorias produ- al AL a A A A NA
cidas por la ingestión de yajé. ES MAMARIA o: Ed / UE 4 A A %
AD AA RD AO ql Es Es z
' NN AN /87 ¿740
OSI AN <> A 18


--- Page 14 ---

A —_ E... ... DO q E EE E _— > EEE A Y AI O

Y o 7 A y,
Mza a GS 10 mm y su

Dibujos de los indios Tukano ¿7 DO E 2) eb Xx] ) », q y ”*
Po] 73% y ms a (5 — o Y n »

del Pirá - paraná (Vaupés). aX (8 € a Ey 3 DI ATEN SÍ

Y ISI y NOIA n/ a y PUN 1%

4) A CID PAZ AA

1 o IN va my TÍA O o A ! 4

Mi SUE A W ¿y A E

CAM ROO AR A E

<A 2 GS NATA e ) Estos dibujos representan

NE PA A IA O! imágenes alucinatorias produ-

10 E ¿0 QA INSEDIS NN cidas por la ingestión de yajé.


--- Page 15 ---

20. El motivo bifurcado representa la horqueta el confuso telón de colores y formas y “ve” enton-
de madera en la cual se coloca el cigarro que se ces ciertos motivos y personajes. Las alucinacio-
fuma ritualmente. También tiene un marcado ca- nes individuales no forman, entre los Tukano, un
rácter sexual. aspecto íntimo, secreto, sino se discuten libremen-

: : Ñ 2 te y, lo que es más, durante las alucinaciones
tivos que parecen tener un sentido ideográfico, pregunte a otra por su significado, Esta libre
pero esta muestra es suficiente para plantear el comunicación de experiencias podría llevar a un
problema. Por cierto, fuera de los motivos arriba Consensus, a una fijación de ciertas imágenes, y
descritos existen representaciones de hombres y de esta manera, cualquiera que sea la visión, su

. Ñ 21. h interpretación se adaptaría a un modelo cultural.
de animales, más o menos estilizadas, así como de ,
flores y frutas. También los dibujos contienen PA ero en segundo lugar, se podría pensar tam-
líneas, manchas de colores o motivos mal defini- bién en que ciertas imágenes o motivos sean pro-
dos que no parecen tener un significado preciso; ducidos, de un modo más 0 menos constante, Por
son simplemente “cosas que se ven”. la acción bioquímica del alucinógeno. Motivos

Ahora bien: ¿Cómo explicaríamos la afirmación tales como aureolas, estrellas, círculos o puntos
de los indígenas que, durante las alucinaciones, luminosos, líneas onduladas multicolores parecen
todos los participantes, o por lo menos, muchos formar parte de una amplia gama de alucinacio-
de ellos, “ven” o, mejor dicho, perciben, los mis- nes, no exclusivamente creadas por la ingestión
mos motivos básicos? ¿Sería posible que cierto de B. Caapi Sino también por otras drogas, y
componente del alucinógeno produzca visiones de podrían constituír así una base común para la
un mismo tipo, de una misma constelación de for- experiencia alucinadora, Las pinturas o dibujos
mas y colores, que son percibidos de un modo efectuados por individuos bajo la influencia de
similar por diferentes individuos? Nuestros infor- LSD, mescalina, peyote u otras drogas, frecuen-
mantes dicen que los motivos arriba descritos temente tienen ciertos elementos en común que
aparecen ante todo en una fase inicial de la aluci- difíc ilmente podrían derivarse únicamente de ex-
nación y que, en fases posteriores, se ven más bien periencias culturales comunes de los artistas. Hay
escenas míticas, figuras de hombres y animales, un elemento de ritmo, de pulsación, que más bien
pero ya no tan estilizadas y nítidas como las vi- parece estar causado por una base orgánica y no
siones de la primera fase. por una memoria visual culturalmente determi-

En primer lugar, es evidente que en la inter- nada.
pretación que hace el indígena de sus alucinacio- _El problema se vuelve más complejo si lo con-
nes, se operan procesos de proyección y de feed- sideramos desde el punto de vista de la inspiración
back, de experiencias culturales previas, es decir, artística. Es sorprendente observar que muchos
de una memoria visual y circunstancial. El indi- de los motivos tratados arriba aparecen con fre-
viduo ha visto, desde su infancia, dos categorías cuencia en los petroglifos y pictografías de la
de modelos, a saber, los que ofrece la naturaleza región y aún mucho más allá de sus límites *.
y los que están representados por artefactos hu- Tampoco sería difícil encontrar paralelas para
manos. Los modelos que ofrece el medioambiente estos motivos en otras manifestaciones prehistó-
físico son: la vegetación de la selva pluvial ama- ricas como, por ejemplo, en la decoración de cerá-
zónica, los ríos, las playas de arena, las nubes, micas o en las tallas de piedra de antiguas cultu-
flores, frutas, mariposas y algunas aves. En la ras indígenas. Se podría opinar que se trata de
interpretación de las alucinaciones, las flores y motivos tan elementales que ellos pueden surgir
frutas figuran con frecuencia y se habla de péta- independientemente en cualquier lugar o época;
los, bejucos, ramas, racimos y otras formas vege- son círculos, rombos, puntos, espirales, y poco más.
tales; también se mencionan ciertas aves y, desde ¿Pero son verdaderamente tan elementales? Sería
luego, fenómenos tales como los astros, el Arco difícil querer afirmar que el signo de la “puerta” o
Iris, la Vía Láctea y otros más. También hay que el de la exogamia sean formas básicas. Más bien
tener en cuenta que, en la semioscuridad de la sería posible pensar en grandes zonas culturales
selva, los vivos colores de un jaguar son muy donde, desde tiempos inmemoriales, se consumía
llamativos y que muchas culebras tienen un colo- cierto alucinógeno y se formaba, a base de él, una
rido muy fuerte. Por otro lado están los objetos interpretación tradicional que así creó un verda-
manufacturados. Desde su primera infancia el in- dero estilo artístico. ¿Podría entonces la arqueo-
dividuo ha visto los motivos decorativos en la logía guiarnos hacia una zonificación de. tales
cerámica, en las cortezas pintadas o en las casas sistemas simbólicos? Suponiendo que el uso de
adornadas con grandes dibujos, y su significado alucinógenos en América indígena es muy antiguo
le ha sido explicado. Los adolescentes que aún no y, generalmente, relacionado con la esfera mágico-
han tomado yajé, ya tienen un vago conoci- religiosa, también se puede suponer que los objetos
miento de los signos más comunes: masculino, de uso ceremonial fueron manufacturados y deco-
femenino, incesto, exogamia. Se puede pensar rados por especialistas o, por lo menos, por. per-
entonces que, en un estado de alucinación, la per- sonas que compartían el simbolismo religioso de
sona proyecta su memoria cultural visual sobre su cultura. :

-39-


--- Page 16 ---

. Es de destacado interés tener aquí en cuenta naciones, imágenes de jaguares y serpientes. Am-
los llamados fosfenas, aquellas imágenes subjeti- bos animales o, mejor dicho, grupos de animales,
vas que aparecen en nuestro campo de visión en la —pues se trata de felinos y reptiles en general—,
obscuridad o la penumbra, independientemente de aparecen no solamente bajo su aspecto amenazante
una luz externa y que, al originarse en el ojo y el sino muchas veces también como seres inofensivos
cerebro, constituyen un fenómeno perceptual que y aun benéficos al hombre. La ambivalencia del
es propio de todos los seres humanos (Oster, valor simbólico de estos animales dificulta su
1970). Los fosfenas pueden producirse espontá- interpretación pero, de todos modos hay que sa-
neamente o por estímulos tales como impulsos eléc- ber que, entre los Tukano y otras tribus colombia-
tricos o drogas alucinógenas y, en el último caso, nas, el jaguar y la culebra representan a veces
ha sido observado experimentalmente que frecuen- principios de fertilidad y protección, es decir, no
temente los fosfenas forman motivos abstractos. aparecen de ningún modo sólo bajo un aspecto
En efecto, Max Knoll, trabajando con un grupo de negativo y peligroso. Es de interés recordar en-
1.000 individuos, logró establecer una serie de tonces que felinos y reptiles siempre han desem-
quince fosfenas que en buena parte son idénticos peñado un papel central en las religiones aborí-
a los motivos codificados de los Tukano. (Fig. genes de América, tanto en las altas civilizaciones
según Oster, 1970). como en los grupos escasamente desarrollados. La
Pero debemos distinguir entre forma y signifi- importancia simbólica de estos animales se re-
cado. Se nos plantea entonces el problema de por monta a épocas prehistóricas muy antiguas (se-
(0) € 111 <<
EAS Gn
: AAA
1 q 3. 4 50.
.0.P....
| 8 ES ) O) |
9l9óOeoa.o .Cn *.
.». o. .
6 7 8 9 10
11 12 13 14 15
FIGURA 2. Motivos basados en fosfenas, según Max Knoll.
qué los motivos de las alucinaciones de los Tukano gundo milenio a. de C.) y se continúa aún en la
se interpretan ante todo en términos de incesto actualidad, en las religiones chamanísticas de
y de exogamia. La alucinación, ciertamente no muchos grupos indígenas. Si las imágenes de estos
induce sólo a la proyección de formas vistas o animales se relacionan talvez con el núcleo de con-
supuestas sino también, y talvez en un grado más flictos referentes al tema del incesto y de la exo-
intenso aún, a la proyección de conflictos psicoló- gamia, sería una pregunta para los psicólogos. !
gicos latentes en la cultura. El problema del Al terminar nuestras observaciones sobre el
incesto preocupa profundamente a los: Tukano y, contexto cultural dentro del cual se usa la B. Caapi
como en tantas otras sociedades, ha tenido entre por parte de los indios Tukano del Vaupés, nos
ellos una gran elaboración en forma de reglas queda por enfatizar que este campo de investiga-
exogámicas que, desde luego, van mucho más allá ción merece ocupar una alta prioridad. Los proce-
del estrecho marco biológico. En buena parte la sos de aculturación avanzan inexorablemente y
_ mitología y el ritual giran alrededor de estos temas modifican no solamente las culturas indígenas sino
y conflictos a los cuales se busca una solución. El también al mundo vegetal. Los conocimientos
retorno al útero es entonces una forma de aliviar milenarios que el indígena tiene de las propiedades
la tensión. de muchas plantas son de un valor extraordinario
. Por último cabe añadir algunas observaciones para nosotros, pero se están perdiendo bajo la
sobre la frecuencia con que aparecen, en las aluci- avalancha de la aculturación acelerada. A los an-
—- H0 —-


--- Page 17 ---

tropólogos, bióquímicos, farmacólogos y psicólogos psico-biológicos de estas sustancias. Si no se logra
espera aún un amplio campo de investigación que obtener este material comparativo de las culturas
debería aprovecharse antes de que sea demasiado primitivas y en vía de desaparecer, la humanidad
tarde. Ante la popularización mundial actual del habrá perdido parte importante del marco de
uso de alucinógenos es de gran trascendencia in- referencia para permitirse opinar acertadamente
vestigar interdisciplinariamente y en un contexto sobre el uso de alucinógenos en las culturas avan-
trans-cultural, no sólo motivaciones sino efectos zadas.
NOTAS

1 Debo mis agradecimientos a la Universidad de una especie de Xanthosoma; puu/hoja; el sufijo

los Andes que, en 1967 y 1968, patrocinó mis da expresa la idea de sarta, bejuco, hilo.

investigaciones. Al doctor Roberto Galán Ponce, 5 Los motivos simétricos de la fase inicial de las

del Departamento de Biología de la Universidad alucinaciones se designan a veces como too-puri;

de los Andes, agradezco muy sinceramente por de too/ planta, puu/ hoja, ri/ plural, es decir

haber leído y comentado el manuscrito del pre- “ramitas, hojas”. También se usa la expresión

sente trabajo. Desde luego, la responsabilidad toondári/ racimos.

E las ideas aquí expresadas es exclusivamente * Algunos informantes dicen que, en raras ocasio-
: : nes, una mujer anciana también puede tomar
2 Para los detalles de la interpretación véase Rei- yajé, pero no pudimos confirmar este dato.

chel- Dolmatoff, 1968. 7 Dice un informante: “El hombre necesitaba la
3 El mito del origen del yajé ejemplifica un ciclo comunicación sobrenatural y por eso buscó el

de mitos de gran distribución, en los cuales se yajé” (igú duharagu irikoa amari arimi gahpí

trata de un sacrificio sangriento en el que par- koapure).

ticipa un grupo de hombres y del cual se deriva 3 Por cierto, los indígenas afirman que no se trata

luego un beneficio para la humanidad. Compá- sólo de alucinaciones visuales, sino que también
_Tese, por ejemplo, con el mito de Dioniso. - oyen música y ven bailes. Dicen que tanto sus
4 Tooka o too es una pequeña planta no identifi- bailes actuales como 5u música, vocal e instru-

. : , mental, se basan en las alucinaciones.
cada que juega un papel muy importante en el
simbolismo seminal de los Tukano. Duhtú es * Reichel - Dolmatoff, 1967.
APENDICE I

El texto de Rocha dice así: “El yagé es un brán de ser las cintas de la playa más ricas en oro
bejuco o arbustillo que los indios no dejan ver de y dónde están situados los veneros del metal pre-
los blancos y que, por consiguiente, no conozco. Lo cioso. El delirio en sus principios es todo esplen-
preparan para bebida cociéndolo toda una noche dores, sensaciones gratísimas, goces de empíreo.
y cuando tiene ya la apariencia de miel espesa, Varios blancos que han tomado el yagé, me han
está en sazón para gustarlo. Atenúan sus efectos referido sus visiones, supremamente bellas, pero
al administrarlo sólo como purgante, mezclándolo diferentes de acuerdo con los diversos gustos,
con otros vegetales, principalmente la yerba que ambiciones y apetitos. A su decir, la exaltada ima-
llaman chiripanga que tampoco conozco. El uso ginación del más ardiente poeta no podría idear,
de yagé no está exento de peligros” (Rocha, 1905, ni expresar la lengua más elocuente, lo que son en
p. 45). toda su magnificencia esos ensueños en los dos o

Sobre los efectos dice lo siguiente: “...hacen tres primeros cuartos de hora que se siguen a
uso de vez en cuando de una bebida particular por la libación del magnífico licor. La vista se recrea
los efectos que produce, bebida que toman, o bien entonces sobre verdes llanuras, bajo cielo azul
como purgante... o para provocar delirio, en sus con nacaradas nubes; éntrase luego a floridos
principios agradabilísimo... y al cabo horrible, vergeles donde al alcance de las manos cuelgan de
pero en medio del cual tienen ellos a lo que creen, las ramas de los árboles frutas de áureos o rojos
clara visión del porvenir y la facultad adivinativa colores y de gusto exquisitamente delicado; el oído
que les hace conocer quiénes son sus enemigos, se goza entre tanto, en música inefable; y al salir
qué asechanzas están forjando éstos y cuáles son de los vergeles, y al son de ésta, en otros verdes
los medios de combatirlos, cuáles los otros riesgos cármenes, danzan y cantan deliciosamente baya-
y peligros a que pueden hallarse expuestos; dónde deras celestes calzadas con el clásico coturno,
los lugares en que encontrarán caza y las partes elegantes cual las palmeras del desierto; hembras
del río más abundantes en pesca; de qué color ha- de blancas y sonrosadas carnes; vestidas de rasos,

— M1 -—


--- Page 18 ---

terciopelos y gasas; desnudos los brazos, la gar- tigres, corren tras la pieza con velocidad felina,
ganta y el mórbido seno, ceñidos aquéllos, esa y el o bien se sienten gustando de blando reposo a la
donoso talle con brazaletes, pulseras, collares y sombra de frondosos árboles .. .pero a las visiones
cinturones en que brillan deslumbradores diaman- placenteras del yagé se sucede con sólo el parén-
tes, esmeraldas, zafiros y rubíes; mujeres de mi- tesis de una corta somnolencia, el delirio de lo
rar que fascina, sonrisa encantadora, boca dulce horrible. Poseído de éste el yajófago, siente vio-
como la miel, hermosas, en fin, como la esposa del lentos dolores, y ebria la mente, trémulos los
cantar de los cantares. Y terminada la danza, miembros y vacilante el cuerpo, para no caer,
brindan copas de topacio al soñador, postradas ; de las mismas ramas de 1
ante él, amorosas y sonrientes, olímpico néctar quiere agarrarse e as smas ramas os

. árboles de donde cogió las exquisitas frutas y las
que embarga suavemente el pensamiento. Eso ven .

. = pa ramas se truecan entonces en serpientes que se
unos; otros se sueñan señores poderosos y los Iven en el cue de él y rabi le muer-
reyes; aquéllos deliran dueños de toda las riquezas envuelven en uerpo de €l y rablosas ue
del universo, quiénes son místicos y ven coros de den una y otra vez; las bayaderas celestes se
ángeles y vírgenes y al mismo Jehová sentado convierten en hidras y furias infernales que le
sobre encendidas nubes u oculto en la ardiente azotan; los reyes y emperadores que se humillaban
zarza; cuáles son epicureos y glotones, y se delei- delante de él, en verdugos que le abofetean, le
tan con gustosos manjares y sabrosas carnes de vapulan y le dan de puntapiés; los ángeles y vírge-
monte; cabritos asados de rica sazón y provoca- nes que veían los místicos, ceden su puesto a los
tivo olor; y para terminar, los indios se ven en demonios que los sumergen en calderas de plomo
medio de bosques poblados de caza, dantas y ve- derretido e hirviente, y el Dios bondadoso en Dios
nados que huyen veloces, pero que no se les esca- justiciero, que airado los entrega a Satanás...”
parán, porque convertidos los indios mismos en (Rocha, 1905, pp. 43- 45).

: APENDICE Il
.- El protocolo siguiente contiene el relato, gra- inició con la recitación del Mito de la Creación,
bado. en cinta magnetofónica, de mis experiencias seguido por bailes acompañados por cantos en los
después de tomar seis dosis de yajé entre los cuales se hacía referencia a la fertilidad de los
Tukano del Pira-paraná. La bebida se consumió animales y de las mujeres. La primera toma de
con ocasión de una ceremonia de alianza entre dos yajé se repartió a las 8:15 p. m., cuando los parti-
fratrías exogámicas. Los tallos se cortaron entre cipantes ya sudaban profusamente. La segunda
las 3 p.m. y las 4 p.m., en la cercana selva, y toma se repartió a las 9 p. m., la tercera a las 9:30
constituían, según los indígenas, una mezcla de p.m. la cuarta a las 10:15 p.m, la quinta a las
tres clases de yajé: “yajé de guamo” (tallos de 11:05 p. m. y la sexta y última a medianoche. En
color carmelito claro, cón la superficie algo aca- los intervalos los hombres bailaban y caritaban,
nalada y tomados a unos 3 metros de altura del en un ritmo a veces acelerado, a veces más lento.
suelo) ; “yajé de mamíferos” (tallos de color car- La precisión de los pasos de los bailarines y el
melita, con manchas claras y de superficie lisa, ritmo de la música se perfeccionaron con el con-
tomados a 2 metros de altura), y “yajé de cabeza” sumo del yajé y en ningún momento hubo una
(tallos de color carmelita oscuro, con nudos y pro- disonancia o un paso en falso. No se consumieron
tuberancias, tomados a poca distancia del suelo). alimentos pero después, de cada toma de yajé se
Estos tres grupos de tallos se obtuvieron de tres repartió una pequeña cantidad de chicha de maíz,
matas diferentes que crecían en un diámetro de muy levemente fermentada. La música, tanto vocal
unos 20 metros pero, por lo que pude observar, se como instrumental, no cesó ni un instante, va-
trató de una sola especie botánica. Unos 25 tro- riando en intensidad pero manteniendo un ritmo
zos, cada uno de unos 60 cms. de largo y de apro- hipnótico. Toda la escena se desarrolló en la semi-
ximadamente 1 em. de diámetro, se maceraron oscuridad de una maloca de grandes dimensiones
luego durante más de una hora y finalmente se y a la luz de una sola antorcha.
añadieron unos 8 litros de agua. El líquido se pasó Después de la segunda toma algunos hombres
por un colador y se guardó en una olla ceremonial comenzaron a vomitar y poco después afirmaron
policromada. tener visiones, que ahora describían en voz baja
El acto duró de las 6 p.m. hasta las 6 a.m. y gesticulando con las manos. Mi propia experien-
Tomaron parte en la ceremonia veinte hombres y cia se reduce a las siguientes observaciones: pri-
unas doce mujeres. Los hombres estaban pintados mera toma, pulso 100, leve euforia seguida por
y adornados con grandes penachos de plumas y pasajera somnolencia; segunda toma, pulso 84;
llevaban cascabeles, bastones pintados y varas so- cuarta toma, pulso 82, fuerte vómito; sexta toma,
najeras, desarrollándose toda la ceremonia en un pulso 82, fuerte diarrea. Casi inmediatamente se
ambiente de intensa solemnidad. La ceremonia se presentaron visiones en colores espectaculares, de
=- HH -


--- Page 19 ---

ES E A ho me É o e E IV
ES a O O e 28 E] OS q E ¿E $e ree
SATA E DEE O É A A LE A

e A E y 4 GI E le
Y TA MI En e a
e o A E ¿ 2 e
g : Ea A A o e ER e O O
e E ES A o A. ACA END
A ERA E
| E o
d A A E Ma.
_ , ¿ Y OIE TR A A 0 MA a a 0
Ñ De «3 dee E y Ñ b 3 Y a
7. der E o 0 E
k 2
LÁMINA 1. 1. Banisteriopsis caapi. 2. Los tallos de
yajé se cortan en la selva. 3. Los tallos se maceran.
4. El líquido se cuela en un recipiente de cerámica.
3 4
e E O / f 4 ps
A O y e “4 EA | ph s 2: ARES RSS
i rl ñ Ey Y: É PR ic EF Y AN
A 3 4 h, 7 : a
ts Y Adi da Me S £, > Le a PI E
p Ed ii dl Me, Y 4% Eo y 4 ES al e e E, ke
> X > ,


--- Page 20 ---

3 E
a” a
mi Y >
” do EST y E ' A A Ñ
de ¿A Y y : z ze E 8
y 1: ho E
1 2
LÁMINA II. 1. La bebida se reparte. 2. Un hombre
intoxicado con yajé, baila. 3. Un músico bajo la
influencia del yajé. 4. Baile de los hombres durante
la ceremonia.
o
NE ESA
EA Mas Es
gen 4 SES 2% O
RS IS QA


--- Page 21 ---

y po : de
A EN o ae
Oe E dl A ac Y : o A
ms E e po ¿ Sea ps po pS
1 2
LÁMINA III, 1, 2. Hombres dibujando sus alucina-
ciones. 3. Un hombre dibuja en la arena.
3
ES cd e ; -. - OR e se
EA E Eaaa


--- Page 22 ---

una multitud de intrincados motivos de marcada lelas, cada una de otro color. Pero siempre en mo-
simetría bilateral, que pasaron lentamente, en vimiento. Muchas veces, en estas franjas hay
franjas oblicuas, por mi campo de visión, al tener como una especie de red, de malla. Se forman cen-
los ojos entrecerrados. Las visiones continuaron, tros”. (La música se intensifica). “Esta malla es
modificándose, por más de 20 minutos, desapare- bastante fija; sólo los centros están en movi-
ciendo sólo por breves instantes en dos ocasiones. miento, giran y cambian de color. Otra vez...
No se presentaron fenómenos acústicos ni imáge- ahora se inclina todo este plan y va otra vez más
nes figurativas. Los bailes y cantos continuaron bien de ... casi 45% ... más, casi vertical ahora”.
hasta el amanecer sin producirse ni en mí ni en (Fuerte cascabeleo). “Ahora se inclina otra vez
los demás participantes, efectos desagradables. 1] hacia la horizontal. El fondo es casi negro. A ve-
texto de la grabación, indica, entre paréntesis, las ces hay ondas concéntricas que se mueven, como
actividades de los demás. agua muy negra donde cae una piedra. Sí, sí, pero
(Música de flautas de Pan que se aleja y acerca todo muy simétrico. Casi nunca hay un motivo
con el vaivén de los bailarines). “Estoy viendo que no sea simétrico. A veces... como cerraduras
como... bueno... es oscuro, pero veo como una antiguas, estas chapas antiguas. Todo es muy ba-
cola de un pavo real... pero al mismo tiempo es rroco”. (Baile con fuerte percusión). “Una canti-
como... todo en movimiento... como fuegos ar- dad de semicírculos, como una especie de árboles,
tificiales, no? Muy parecido a... al fondo, diga- de un color oscuro contra un fondo más claro, casi
mos... de ciertas miniaturas persas. Hay algo azuloso. ¡ Ya cambió otra vez! como... como mi-
oriental en todo eso. O tapices, tapices tibetanos. crofotografías de plantas; como estos cortes mi-
A veces hace pensar en... esa escritura decora- croscópicos teñidos; a veces como de un texto de
tiva árabe, alguna sura del Korán. Más bien en patología. Hay unos que están vomitando. Todos
colores oscuros; a veces resalta blanco pero más dicen que ven visiones; dicen que ven toda la ma-
bien es un rojo muy oscuro. Eso pasa... eso va loca pintada de colores, el interior. Pero siguen
de... es oblicuo en mi campo de visión. Va bailando. Ahora, a la derecha cambia... ya...
de la izquierda arriba hacia la derecha abajo. hay un aspecto tibetano, de budas azules, y alre-
Hay un flujo muy lento. Ahora eso cam- dedor una especie de aureola amarilla-roja-azul,
bia ... todos los colores del espectro, como... sí, o llamas que terminan en punticos”. (Los baila-
ondulado... pero de algún modo los arcos de rines descansan; hay charla). “Es así a veces. No
cada ondulación se desprenden y forman motivos es agradable, Sí, ¡es muy espectacular como color!
diferentes. Abajo es amarillo; eso cambia conti- Y siempre este crecer y decrecer de las formas,
nuamente y luego va a través de los colores del de luces, Se duplican... aparece un círculo, se
espectro. Son motivos más bien... sí, todo es duplica, se triplica, se multiplica. Sí... giran, muy
curvilinear: semicírculos, formas como corazones rápido todo. Como... como... eso sí, es como bur-
entrelazados y que se vuelven como flores; de bujas, como burbujas transparentes, esas burbujas
pronto formas como una medusa. Á veces hay... de jabón. Y ahora oscuro. No, no veo más. Pero me
sí... otra vez estos efectos de fuegos artificiales. siento bien. Es casi la una. He tomado seis copas de
Pero al... no es en tres dimensiones... es plano yajé; pulso 84, leve dolor de cabeza. Después de la
y bastante oscuro. Ahora pasa”. (Agudos sonidos cuarta copa me dio un vómito violento y después de
de flauta; los bailarines descansan ahora). “Algo la quinta copa me comenzó diarrea. Pero por lo
viene de arriba, de la derecha: son como... es demás estoy bien. Un sabor amargo en la boca,
como agua de una fuente, pero la luz traspasa los nada más”. (Pasan aproximadamente dos minu-
chorros de agua, como un Arco Iris, Se cruzan tos). “Sigo viendo cosas. Hexágonos, todo como
estas líneas, pero no son líneas, en fin, están inte- una especie de cielo raso de hexágonos, inclinado
rrumpidas a trechos. Puntos con un ... centro unos 35%, y en cada unión entre cuatro, un punto
oscuro, alrededor amarillo... luego como una azul. Ya cambió, ya son pequeñas estrellas... ¡qué
flor, como... como plumas de avestruz, así en- cantidad! Vienen y van, vienen y van; en fin, se
roscadas. Y otra vez plumas, plumas de pavo real, acercan y se alejan... Ahora casi desaparecen”.
A veces como musgo; como estos musgos. Ya, muy (Conversación monótona ritual al lado mío; casi
muy parecido a los hongos, a estos hongos en un no hay música). “Hmm... como un motivo de
objetivo fotográfico, de color iridiscente. Una cestería. Ya, sí... sí, pinturas de Rouault, como
flor pero con tres pétalos... tres... sí”. (La vi- vitrales. .., colores. .., manchas enmarcadas por
sión desaparece durante unos 2 minutos; la música una gruesa línea negra”. (Flautas agudas). “Sí...
de baile comienza de nuevo). “Estoy muy des- o grandes ojos en diferentes colores. ¡Ya no hay
pierto otra vez. Sí, cuando abro los ojos, bien esta simetría ahora! Son como- cuerpos que se
abiertos, entonces veo la maloca, la oscuridad, la acercan... ahora como grandes orugas, con una
gente; pero así, al medio cerrarlos, veo otra vez cantidad de espinas, pelos... con una pequeña
estos motivos. A veces son como microfotografías bolita en la punta de cada pelo. Pero... otra vez,
de alas de mariposa o de corales marinos. A veces como microfotografías. Ya cambió, ya... como
los colores no son... no son agradables. Ahora sí pelitos rojos, no? Pero ya está cambiando; ya se
hay motivos más definidos: arabescos, franjas alargaron estas burbujitas y se van. Otra vez...
horizontales. Sí, casi todo viene en franjas para- bueno, ¡es tan difícil! Ahora es de un color rojo
— 43 —


--- Page 23 ---

oseuro, atravesado por una serie de rayos amari- en perspectiva. Son como tapetes, no? Cambian,

Nos; el centro queda a la derecha pero no lo veo, cambian... como arbolitos muy estilizados. Sí,
+. - Estos rayos caen como en un bosque de pequeños :
: : : 21: Ñ todo eso es, en buen. e, como ciertas corbatas
E pelitos rojos. Todo inclinado... otra vez: arriba o Ps a parte, como co b
$2 izquierda y abajo derecha. Ya cambió, ya... de mal gusto. Sí, ahora se está borrando. Ya no
E ahora son como palmas estilizadas, miles y miles, veo más”. .

BIBLIOGRAFIA

AGURELL, S., B. HOLMSTEDT AND J. E. LINDGREN. : GARCÍA BARRIGA, HERNANDO. .

1968 Content of Banisteriopsis Rusbyana. American 1958 El Yajé, Caapi o Ayahuasca: Un alucinógeno
Journal of Pharmacy, Vol, 140, N% 5, pp. 148 - amazónico, Universidad Nacional de Colombia,
151, Philadelphia. N9 23, pp. 59-76, Bogotá.

ALBARRACÍN, LEOPOLDO. GOLDMAN, IRVING.

1925 Contribución al estudio de los alcaloides del yagé. 1963 The Cubeo: Indians of the Northwest Amazon.

Bogotá. Illinois Studies in Anthropology N? 2, Urbana.
BARRIGA VILLALBA, A, M. GUNN, 3. A.

1925 Un nuevo ealoido. Bolctán se la Sociedad co- 1937 The Harmine Group of Alkaloids. In: Handbuch
lombiana de Ciencias Naturales, pp. 31 - 36, Bo- der Experimentellen Pharmakologie (Hefter, B.,
gotá. editor), Berlin.

Biocca, ETTORE, HARNER, MICHAEL.

1965 Viaggi tra gli Indi. Alto Río Negro - Alto Orinoco. , "" . .

Appunti di un Biologo. IV vols., Roma 1968 The Sound of Rushing Water. Natural History,
r > os : Vol. LXXVII, N* 6, New York,
BRISTOL, MELVIN L. A FA A MP
1966 The Psychotropic Banisteriopsis among the Sibun- OCESTEIN, Y. a AND EN ARADIES. .
doy of Colombia. Botanical Museum Leaflets, Har- 1957 Alkaloids of Banisteria caapi and Prestonia ama-
. vard University, Vol. 21, N% 5, pp. 113-140, zonicum. Journal of the American Chemical So-
Cambridge. ciety, Vol. 79, pp. 5735 - 5736,
BRÚZzZI, ALVES DA SILVA, ALCIONILIO. XocH - GRÚNBERG, 'THEODOR.,
1962 A civilizacáo indigena du Uaupés. Sáo Paulo. 1909 Zwei Jahre unter den Indianern, 2 vols., Berlin,
CHEN, A. L. AND K. K. CHEN. MALLOL DE RECASENS, M. R.

1939 Harmine, the Alkaloid of caapi. Quarterly Jour- 1963 Cuatro representaciones de las imágenes aluci-
nal of Pharmacy and Pharmacology. Vol. 12, pp. natorias originadas por la toma de yajé. Revista
30 - 38. Colombiana de Folklore, Vol. 8, pp. 61-81, Bo-

gotá.
CREVAUx, J. .

1883 Voyages dans 1'Amérique du Sud. Paris. NARANJO, C.

1965 Psychological aspects of yajé experience in an
CUATRECASAS, do . o experimental setting. Ponencia presentada al
1957 - 1958 Prima flora colombiana. 2. Malpighiaceae. 64th Annual Meeting, American Anthropological
Webbia 13, pp. 343 - 664, Association, Denver (mimeografiado).
DER MARDEROSIAN, ARA H., HOMER V, PINKLEY AND MU- NARANJO, CLAUDIO.
RRELL F, DoBINS IV. i 4
. > . 1967 Psychotropic Properties of the Harmala Alka-

1968 Native Use e Occurrence 2 N, N-Dimethy!- loids, In: Ethnopharmacologic Search for Psycho-
trytamine in e leaves of Banisteriopsis Rus- active Drugs (Efron, Daniel, editor), pp. 389 -
byana. American Journal of Pharmacy, Vol. 140, 391, Washington
N0 5, pp. 187 - 147, Philadelphia, d y

DEDLOFEO, VENANCIO. ono. Drogas mecotomimés Archivos de Criminol
: a rogas psic iméticas. Archivos de Criminolo-

1967 Chemical Compounds Isolated from Banisteriop- gía, Neuropsiquiatria y disciplinas conexas. 2%
sis and Related Species. In: Ethnopharmacologi- Epoca, Vol. VI, N9 23, pp. 358 - 379, Quito
cal Search for Psychoactive Drugs (Efron, Da- ? CS » PP. ? :
niel, editor), pp. 393 - 402, Washington. O'CONNELL, F. D. AND E. V. LYNN.

ELcer, F. 1953 The alkaloid of Banisteriopsis inebrians Mor-

1928 Ueber das Vorkommen von Harmin in einer slid- con Jenrnal o ne American Pharmacological
amerikanischen Liane (Yagé). Helv. Chim. Ac- ssoctation, Vol. 44, P. :
ta, 11, pp. 162-166. OSMOND, H. *

FARNSWORTH, NORMAN R, 1957 A review of the clinical effects of psychotomime-

1968 Hallucinogenic Plants, Science, Vol. 162, pp. tic agents, Annals of the New York Academy of
1086 - 1092, Washington. Science, Vol. 66, p. 418, New York. . .

FISCHER CÁRDENAS, G. OSTER, GERALD.
_1923 Estudio sobre el principio activo del yagé. (Tesis 1970 * Phosphenes. Scientific American, Vol. 222, N9 2,
. inédita), Universidad Nacional, Bogotá. pp. 83-87. : !
— MH -


--- Page 24 ---

PENNES, H. H. AND P. H. Hocn. SCHULTES, RICHARD EVANS.

1957 Psychotomimetics, clinical and theoretical consi- 1960 Pharmacognosy: 1: Jungle Search for New Drug
derations: harmine, Win - 2299 and naline. Ame- Plants in the Amazon; 2: Native Narcotics of
rican Journal of Psychiatry, Vol. 113, pp. 887 - the New World; 3: Botany Attacks the Halluci-
892. nogens. The Pharmaceutical Sciences. Third Lec-

Pérez ARBELÁNZ, ENRIQUE. ture Series, pp. 138 - 185.

1956 Plantas Utiles de Colombia. Tercera edición. Bo- SCHULTES, RICHARD EVANS.

gotá, 19632 Hallucinogenie Plants of the New World. The
Prrror, E. et R. HAMET. Harvard Review, Vol, 1, N? 4, pp. 18-32, Cam-

1927a Le yagé, plante sensorielle des indiens de la re- bridge.

gion amazonienne de l'Equateur et de la Colom- Ss R E

bie. Compte Rendue de la Académie de Sciences, CHULTES, RICHARD £VANS.

Vol. 184, p. 1266, Paris, 1963b Botanic Sources of the New World Narcotics.

Psychedelic Review, Vol. 1, N* 2, pp. 145 - 166.

PerrorT, E. et R. HAMET.

1927b Yagé, ayahuasca, caapi et leur alcaloide: télé- SCHULTES, RICHARD EVANS.
pathine ou yagéine. Travauz Lab. Mat, Méd. 1966 The Search for New Natural Hallucinogens.
Pharm. Galén, 18, part. 2, 1, Paris. Lloydia, Vol. 29, N9 4, pp. 293 - 308.

REICHEL - DOLMATOFF, G. SCHULTES, RICHARD EVANS.

1960 Notas etnográficas sobre los indios del Chocó. 7 : :

Revista Colombiana de Antropología, Vol. IX, pp. 1967 The Place of Ethnobotany in the Etinophar-
75-158, Bogotá. macologic Search for Psychotomimetic Drugs.

d In: Ethnopharmacologic Search for Psychoac-
REICHEL - DOLMATOFF, G. tive Drugs (Efron, Daniel, editor), pp. 33-57,

1967 Rock Paintings of the Vaupés: An Essay of In- Washington.
terpretation, Folklore Americas, Vol. XXVII, NO
2, pp. 107-113, Los Angeles. SCHULTES, RICHARD EVANS.

R D 1969 Hallucinogens of Plant Origin. Science, Vol. 163,

EICHEL - DOLMATOFF, G. pp. 245 - 254, Washington.

1968 Desana: Simbolismo de los indios Tukano del
Vaupés. Universidad de los Andes, Bogotá. SCHULTES, RICHARD EVANS AND ROBERT F. RAFFAUF.

REICHEL - DOLMATOFF, G. 1960 Prestonia-an Amazon narcotic or not? Botani-
1968 Notas sobre la dimensión cultural del uso del eal eel Ri loto, Harvard University, N9 19,
yajé (Banisteriopsis caapi) entre los indios del PP- 7 , Cambridge.
Vaupés, Colombia. Ponencia presentada al v SPRUCE, RICHARD.
Congreso Interamericano de Psiquiatría, Bogotá. .
1908 Notes of a Botanist on the Amazon and Andes,
REINBURG, P. 2 vols., London.

1921 Contribution á létude des boissons toxiques des
indiens du nor-ouest de l'Amazonie. Journal de STRADELLI, E.
la Société des Américanistes, N.S., tome 13, pp. 1890 L'Uaupés e gli Unupés. Bollettino della Societá
25-54; pp. 197-216, Paris. Geografica Italiana, serie III, 3, pp. 425-453,

Roma.
Ríos, O.

1962 Aspectos preliminares al estudio farmacopsiquiá- TURNER, WILLIAM J.
trico del ayahuasca y su principio activo. Anales 1963 Experiences with Primary Process Thinking. The
de la Facultad de Medicina, Vol. 45, Nos. 1-2, Psychiatric Quarterly, July, pp. 1-13, Utica.
pp. 22-66, Universidad Nacional Mayor de San
Marcos, Lima. UscÁTEGUI M., NÉSTOR.

Rocha, JOAQUÍN. 1959 The Present Distribution of Narcotics and Sti-

1905 M d di iaje: Regi A ónicas. mulants amongst the Indian Tribes of Colombia.
Bogotá... um de Viaje Bones Amazónicas Botanical Museum Leaflets, Harvard University,

Vol. 18, N9 6, pp. 273 - 304, Cambridge.
SCHULTES, RICHARD EVANS. M7]

1957 The Identity of the Malpighiaceous Narcotics of VILLAVICENCIO, MANUEL.

South America, Botanical Museum Leaflets, Har- 1358 Geografía de la República del Ecuador. New
vard University, Vol. 18, pp. 1-56, Cambridge. York.
: — 3445 —",,reviewed
8ab9e79f-d481-5b46-b9a6-3a401e9729fd,089978db-d526-5bc1-8382-6e9fe7102f49,1,Full text,,,"Virola theiodora como alucinógena e tóxica
                                                                J. G. SOARES MAIA ( • )
                                                              WILLIAM A. RODRIGUES ( • )
                                                              Instituto Nacional de Pesquisas
                                                                        da Amazônia


                    SINOPSE                           primeira a mais importante pelo seu duplo
                                                      emprego, isto é, como psicotrópico e como
    Comprova-se por análise cromatográfica (CCD)
                                                      veneno de flechas.
e espectrometrias no infravermelho (IV) e no ul-
travioleta (UV) o duplo emprego da casca de Virola         Schultes & Holmstedt (1971) e Prance
tbeiodora (Spruce ex Benth.) Warb. (Myristica-         (1970) que testemunharam o preparo de fle-
ceae) no preparo de rapé alucinogênico e envene-
namento de flechas, pelos índios Y::>manê, da re-      chas envenenadas entre os índios Waiká do
gião do rio Tototobi, Território Federal de Rorai-    rio Tototobi, observaram que somente V. theio-
ma.                                                   dora é usada, embora Biocca citado por Schul-
                                                      tes & Holmstedt (1971) aponte a prática da
                                                      mistura de curare à resina de Viro/a por ou-
INTRODUÇÃO
                                                      tros grupos da mesma tribo no preparo dessas
                                                      flechas. Prance (1970 e 1972b) observa que os
     Visa o presente trabalho reconhecer e
                                                      princípios ativos que poderiam produzir efei-
comprovar quimicamente por comparação com
fragmentos de herbário a semelhança de subs-          tos tóxicos nas flechas ainda não estão bem
tâncias psicoativas e tóxicas (triptaminas) em        definidos e que sua ação é bem mais lenta que
 rapé e flechas envenenadas, preparadas pe-           a do curare e a do veneno obtido de outras
los índios Yomanê da região do rio Tototobi.          plantas como a morácea Naucleopsis mello-
Território de Roraima, com as que existem na          barretoi. C. C. Berg. Schultes (1969b) aponta
casca de Viro/a theiodora (Spruce ex Benth.)          que a resina pura de V. theiodora chega a con-
Warb. (Miristicácea).                                 ter 8% de 5-Metoxi-N, N- dimetiltriptamina, um
                                                       psicoativo altamente eficaz.
     Schultes (1954, 1969a, 1969b e 1970),
Schultes & Holmstedt (1968 e 1971), Agurell                 Existem diferentes tipos de rapé, varian-
et alii (1969), Prance (1970, 1972a e 1972b) e        do de acordo com o modo de preparo. Há os
outros que discutem amplamente o costume              que são usados sem mistura e outros onde en-
indígena de se usar a resina da casca de al-          tram adicionantes como o pó da folha de Jus-
gumas espécies de Viro/a para fins alucino-           ticia pectoralis Jacq. (Acantácea) como aroma-
gênicos e mesmo envenenamento de flechas ,            tizante ou as cinzas de Elizabetha princips
informam estar este hábito arraigado exclusi-         Schomb. ex Bth. (Leguminosa) e provavelmen-
vamente aos índios que habitam vasta área             te outras plantas como citam Schultes (1969a
do noroeste amazônico, incluindo o Brasil e           e 1970) e Prance (1972a e 1972b), com a fina-
as regiões adjacentes da Colômbia e Vene-              lidade provavelmente de reduzir o seu efeito
zuela.                                                tóxico.

     Schultes (1970) reconhece pelo menos                  Agurell et alii (1969) analisando duas
três espécies de Viro/a como as mais procu-           amostras de rapé de procedência e modo de
radas pelos índios : V. theiodora no Brasil e         preparo diferentes, verificaram que a concen-
Venezuela, V. ca/ophylla Warb e V. calophylloi-       tração de alcalóides no rapé baixa de 1/10 em
dea Markf. na Colômbia, sendo, no entanto, a          relação ao puro, ou seja, aquele obtido unica-


 (•) -   Bolsista do Conselho Nacional de Pesquisas

                                                                                                -21

mente de V. theiodora, e que este último pro-                            deral de Roraima, e fragmentos de casca de
vou conter nada menos que 11% de alca lói-                               vários espécimes de Viro/a incorporados no
des.                                                                     herbário do INPA: V. theiodora: Prance, 9607
     V. theiodora é conhecida pelos índios                               (INPA, 26744); Prance, 10125 (INPA, 27257);
Yomanê como yakohana ou yakohana-hi. Ou-                                 Prance, 20025 (INPA, N . Y.) . V. calophylla
tros nomes citados na literatura para a mes-                             (A. DC.) Warb.: INPA, 42214. V. rufula Warb.:
ma espécie e espécies afins (V. e/ongata = V.                            INPA, 42227. V. caducifolia W. Rodr. n. sp.:
cuspidata e V. rufu/a) são: nyakwana, jakuana,                           INPA, 42232. V. venosa (Bth.) Warb.: INPA,
epená, paricá, shomiá, machfara-a, tchkiana,                             42241 .
ucufe-ey, ra-se-né-mee, tsu-nem e yakee.
                                                                               Elaboraram-se extratos benzênicos e eta-
MATERIAL E MÉTODOS                                                       nó licos da resina extraída de cada uma das
                                                                         pontas de flechas, do pó e dos fragmentos de
    Usaram-se para análise nos laboratórios                              casca dos espécimes de Viro/a .
de química de produtos naturais do INPA, 5
pontas de flechas empregnadas com resina e                                     Compararam-se por cromatografia em ca-
cerca de 5 g de um pó avermelhado, ambos                                  mada delgada (CCD), espectrometria no infra-
de origem vegeta l , colhidos dos índios Yoma-                            vermelho (IV) e espectrometria no ultravio·
nê da região do rio Tototobi , no Território Fe-                          leta (UV) .

                                                                 REsULTADos

    Quadro 1 . CCD dos extratos benzênicos da re-                             Quadro 3. Espectros no IV dos extratos ben·
               sina das flechas e rapé dos índios                                       zênicos e etanólicos da resina das
               Yomanê e de fragmentos de casca                                          flechas e rapé dos índios Yomanê e
               de V . theiodora: Prance, 9607, 10125
                                                                                        de fragmentos de casca de V. theio.
                     e 20025.
                                                                                        dora: Prance, 9607, 10125 e 20025.
                     Si02, benzeno -         acetona, 8 : 2

                                                                          extrato benzênico :   y   KBr (cm-1) 3350, 2900, 2F-30,
  V. theiodoro          resina dos flechas          rapé (ou p6)                                    max
       Rf                       Rf                          Rf                                      2675, 1720, 1640, 1510, 1460,
                                                                                                    1380, 1280, 1130, 1050, 980,
                                                                                                    810 e 760.
0,82 (1 , vapores)      0,82 (1 , vapores)       0,82 (1 , vapores)
       2                       2                        2
0,72 (UV, azul)          0,72 (UV, azul)          0,72 (UV, a;~;ul)                                 KBr (cm-1) 3350, 2900, 2830.
0,65 (1 , vapores)      0,65 (1 , vapores)       0,65 (1 , vapores)       extrato etanólico:    y   max
       2                       2                        2
0,42 (1 , vapores)      0,42 (1 , vapores)       0,42 (1 , vapores)
                                                        2
                                                                                                    2675, 1720, 1670, 1510, 1450,
       2                       2
0,00 o 0,36 (12,        0,00 o 0,36 (12,         0,00 o 0,36 (12,                                   1380, 1280, 1210, 1130, 1080.
 vapores)                vapores)                vapores)                                           930, 880 e 810.




     Quadro 2. CCD dos extratos etanólicos da re-
                sina das flechas e rapé dos índios
                                                                              Quadro 4. Espectros no UV dos extratos ben-
               Yomanê e de fragmentos de casca
               de V. theiodora: Prance, 9607, 10125                                     zênicos e etanólicos da resina das
               e 20025.                                                                 flechas e rapé dos índios Yoroanê
                Si02, metanol.                                                          c de fragmentos de casca de V.
                                                                                        theiodora: Prance, 9607, 10125 e
   V. theiodoro         resina dos flecho           rapé (ou p6)                          20025.
        Rf                      Rf                          Rf

                                                                          extrato benzênico :   À   EtOH (nm) 275 e 308.
                                                                                                    max
0,60 (UV, azul)          0,60 (UV, azul)          0,60 (UV, azul)
0,00 o 0,47 (12,         0,00 o 0,47 (12,        0,00 o 0,47 (12,
                         vapores)                vapores)                 extrato etanólico :   À   EtOH (nm) 275 e 308.
vapores)                                                                                            max



22-

CONCLUSÕES                                           PRANCE,   G. T.

     Os extratos benzênicos e etanólicos da              1970 -   Notes on the use of plant Hallucino-
                                                                   gens in Amazonian Brazil. Econ. Bot.,
resina extraída das pontas das flechas e rapé                     24( 1) :62-68.
dos índios Yomanê e dos fragmentos de cas-
                                                         1972a- Ethl1obotanical notes from Amazonian
ca de V. theíodora (Prance, 9607, 10125 e                       Brazil. Econ. Bot., 26(3) :221-237, 14 ilust.
20025) apresentaram o mesmo desenvolvi-
                                                         1972b- An Ethnobotanical comparison of four
mento em placas cromatográficas de sílica-                     Tribes of Amazonian Indians. Acta Ama-
gel G (Merck) (quadros 1 e 2), assim como                       zonica, 2(2):7-27, 17 ilust.
seus espectros no IV e no UV mostraram ser
                                                     SCHULTES, R. E.
superponíveis (quadros 3 e 4). Os dados obti-
dos no UV foram idênticos aos de Agurell et              1954 -   A new Narcotic Snuff from the Nor-
alii (1969).                                                      thwest Amazon. Bot. Mus. Leafl. Harv.
     Também foi verificado que os extratos                        Uni\'., 16:241-260.
elaborados mostraram a ausência de possí-                1969a- The Plant Kingdon and Hallucinogens.
                                                                Part I. Bufi. of. Narcot., 22(1):1-56.
veis misturas com outras espécies.
                                                         1969b- De Plantis Toxica.rüs e Mundo Novo
                   SUMMARY                                      Tropicale Commentationes. V. - Viro·
                                                                la as an Orally Administered Hallucino-
    In this paper it is confirmed by thin layer                 gen. Bot. Mus. Leafi. Harv. Univ., 22(6):
chromatography analysis (TLC) and infrared (IR)                 229-240.
and ultraviolet (UV) spectroscopy the double use
                                                         1970- The New World Indians and their Hal-
of the bark from the myristicaceous Virola theio-
dora (Spruce ex Benth.) Warb. in the hallucinoge-              lucinogenic Plants. Morris Arbor. Bull.,
nic snuff and arrow poison prepared by indians                 21(1) :3-14.
called Yomanê from Tototobi river at the Brazilian   SCHULTES, R. E. & HOLMSTEDT, B.
Territory of Roraima.
                                                         1968 -   Thc Vegetal Ingredients of the Myris·
                                                                  ticaceous Snuffs of the Northwest Ama.-
              BIBLIOGRAFIA CITADA
                                                                  zon. Rhodora, 70:113-156.
AGURELL,  S. ET ALIJ                                     1971 -   De Plantis     Toxicariis e Mundo Novo
    1969 - Alkaloids in Certain Species of Virola                 Tropicale Conunentationes. VIII. Mis-
             and other South American Plants of                   cell~neous    Notes on Myristicaceous
             Ethnopharmacologic interest. A o ta                  Plants of South America. Lloydia, 34
             Citem. Scand., 23(3) :903-916.                       (1):61-78, 7 ilust.




     •



                                                                                                       -23",,reviewed
b51c0046-bd3b-57ac-ab33-639afb311d9b,6c385f7f-a8d5-5b66-bdff-8bef2e4bd92e,1,Full text,,,"Garcia de Orta, Eighth Colloquy: Bangue

Source: Colloquies on the Simples and Drugs of India, translated by Clements Markham (London: Henry Sotheran, 1913), pp. 53-56. Original Portuguese edition published in Goa in 1563.

BANGUE


Ruano

HAT  is  the  difference  between  that
which  they  call  Bangue  l  and  Amfiam  ?
It  seems  to  me  that  they  are  one,  for
when  you  abuse  your  servants  you
sometimes  call  them  Bangue  and  some-
times Amfiam.  I,  therefore,  wish  to
know  whether  there  is  any  difference
between  the  two  words.

Orta

The  Amfiam  we  call  opium,  of  which  I  will  speak  to  you
when  we  come  to  it.  I  will  now  satisfy  you  respecting  the
nature  of  Bangue,  its  tree  and  seed.  Antonia  !  give  me  what
I  told  you  to  bring.

1  Bangue,  that  is  bhanga  [Sanskrit  for  ""  broken ""],  called  by  the  Arabs  haschish
[whence  the  English  word  ""assassins""],  the  gathered  and  dried  leaves  of  Cannabis
indica,  var.  sativa,  the  kinah  of  the  Arabs.  The  whole  dried  plant  is  called  ganja
[  =  ""the  plant""].  Bhanga  is  the  larger  leaves  only,  the  preparations  from  them  being
called  sidhi,  and  sabza  ;  the  preparations  of  the  smaller  leaves  are  called  savia,  and
.siikhu  ;  all  are  highly  aphrodisiac.  Charas  is  the  gum  resin  exuded  by  the  plant,  and  is
smoked.  Majum  is  a  confection  of  charas,  bhanga,  and  ganja,  with  opium,  and  spices
added  ;  and  tadhal  a  milder  majum.  The  haschish  in  it  gives  its  evil  fame  to  opium  smok-
ing.    Haschish  means  grass ;  and,  so,  Aba-haschish ,  ""  Father  of  all  Grasses,""  ""a  botanist.""

53


EIGHTH  COLLOQUY


Antonia


Here  is  the  tree  of  the  small  ones,  and  see  here  is  the  seed,
and  here  is  what  they  sell  in  the  drug  shop.  For  you  told  me
to  bring  them  altogether.

Ruano

This  seed  is  like  that  of  flax  (Alcana ve),1  except  that  it  is
smaller  and  not  so  white,  and  the  little  tree  is  also  like  flax,  so
we  need  not  discuss  them  because  we  already  know  all  about  it.

Orta

It  is  not  flax  (Alcana ve),  for  the  seed  is  smaller  and  not
white,  and  the  Indians  eat  either  the  seeds  or  the  pounded
leaves  to  assist  or  quiet  the  women.  They  also  take  it  for
another  purpose,  to  give  an  appetite ;  and  our  writers  say  that
the  branches  have  much  inside  and  little  rind,  which  is  contrary
to  what  the  flax  (Alcanave)  has.

Ruano
Do  they  make  cords  of  this  bark  ?

Out  a

No.

Ruano

Is  there  anything  else  from  which  they  do  make  cords  ?

Orta

Yes.  From  the  fruit  of  the  palm,  which  I  shall  touch
upon  further  on.  Also  in  Balaguate  they  make  cords  from
the  roots  of  a  very  large  tree,  and,  to  confess  the  truth,  they
also  make  them  from  the  flax  (Alcanave)  which  is  plentiful
there,  but  not  in  the  Deccan  or  Bengal.  I  saw  there  our  flax
from  which  we  make  our  shirts,  and  all  this  flax  is  merchandize

1  The  old  Portuguese  name  for  flax,  now  called  Canhamo.     The  Arabic  form  is
kinab,  the  Persian  kunab,  imd  the  Greek  Kdwa^is.

54


BANGUE

to  be  met  with  in  the  above  countries.  They  call  it  Alci.1
But  there  is  very  little  of  the  flax  (Alcana ve)  on  the  mainland.
What  is  here  is  not  the  flax  (Alcana ve).

Ruaxo

Be  it  so  ;  and  now  tell  me  how  this  Bangue  is  made,  and
how  and  for  what  it  is  taken.

Orta

They  make  the  pressed  leaves,  sometimes  witli  the  seeds,
into  a  powder.  Some  inject  Akeca  vekde,  and  those  who
drink  it  become  beside  themselves.  For  the  same  purpose
they  mix  nutmeg  and  mace  with  it,  and  there  is  the  same
effect  in  drinking  it.  Others  inject  cloves,  others  camphor  of
Borneo,  others  amber  and  Almisque,  others  opium.  These
are  the  Moors,  who  are  much  addicted  to  it.  The  profit  from
its  use  is  for  the  man  to  be  beside  himself,  and  to  be  raised
above  all  cares  and  anxieties,  and  it  makes  some  break  into  a
foolish  laugh.  I  hear  that  many  women  take  it  when  they
want  to  dally  and  flirt  with  men.  It  is  also  said,  but  it  may
not  be  true,  that  the  great  captains,  in  ancient  times,  used  to
drink  it  with  wine  or  with  opium,  that  they  might  rest  from
their  work,  be  without  care,  and  be  able  to  sleep  ;  for  the  long
vigils  of  such  became  a  torment  to  them.  The  great  Sultan
Bahadur 2  said  to  Martin  Affbnso  de  Souza,  to  whom  he
wished  every  good  thing  and  to  whom  he  told  his  secrets,  that
when,  at  night,  he  wanted  to  go  to  Portugal,  Brazil,  Turkey,
Arabia,  or  Persia,  he  only  had  to  take  a  little  Bangue.3     This

1  Alci  here,  in  the  Sanskrit  atasi,  commonly  called  alsi}  the  flax  plant,  Linum
usitatissimum,  widely  grown  in  India  for  its  oil  seed.

-  In  1536,  after  the  Portuguese  had  got  possession  of  the  fort  of  Diu,  Bahadur  Shah
was  in  the  town.  One  night  he  came  and  battered  at  the  gate  of  the  fort.  When
it  was  opened  lie  came  in  shouting  and  nearly  dying  of  laughter,  reeling  about  until
he  fell  down  and  went  to  sleep.  He  had  been  taking  bhang. — Lendas  de  India,
Gaspar  Cokrea,  iii.  754.

3  This  passage  is  quoted  by  Yule  in  his  Glossary.

55


EIGHTH  COLLOQUY

was  made  up  into  an  electuary  with  sugar  and  spices,  and  was
called  Maju.

Ruano

Has  it  this  pleasant  effect  on  everybody  ?

Okta

It  may  be  that  it  has  this  effect  when  we  have  become
accustomed  to  it.  I  myself  saw  a  Portuguese  jester,  who  was
for  a  long  time  with  me  in  Balaguate,  eat  a  slice  or  two  of  the
electuary,  and  at  night  he  was  pleasantly  intoxicated,  his
utterance  not  intelligible.  Then  he  became  sad,  began  to
shed  tears,  and  was  plunged  in  grief.  In  his  case  the  effect
was  sadness  and  nausea.  Those  who  saw  or  heard  of  it  were
provoked  to  laughter  as  if  it  was  an  ordinary  drinking  bout.
Those  of  my  servants  who  took  it,  unknown  to  me,  said  that
it  made  them  so  as  not  to  feel  work,  to  be  very  happy,  and  to
have  a  craving  for  food.  I  believe  that  it  is  so  generally  used
and  by  such  a  number  of  people  that  there  is  no  mystery  about
it.  But  I  have  not  tried  it,  nor  do  I  wish  to  do  so.  Many
Portuguese  have  told  me  that  they  have  taken  it,  and  that
they  experienced  the  same  symptoms,  more  especially  the
female  partakers.  However,  this  is  not  one  of  our  medicines
and  we  had  better  not  waste  any  more  time  over  it.1

1  Chapter  lxi.  of  Acosta  is  on  bhanga,  taken  from  Orta  ;  two  pages.",,reviewed
51fce207-7811-5218-b26e-c9bfc2f7a47a,dc72c41b-e1e8-5f31-99cb-9dc1e3986d67,1,Full text,,,"The narcotic pepper - The chemistry and pharmacology of Piper methysticum and related
species

Details

Author: Alexander T SHULGIN
Pages: 59 to 74

Alexander T SHULGIN Scientific Consultant


       Kava-kava is the name given to a drink prepared from the rhizomes of the plant,
Piper methysticum. The generic name Piper comes from the Latin for pepper, and the
species methysticum from the Greek μ θ ν σ τ ι κ ο ζ meaning intoxicant. It has thus become
widely known as the intoxicating or narcotic pepper, or Rauschpfeffer.

       The drink is made by soaking the pulverized roots of the plant in water to produce a
cloudy, amber liquid. It has apparently been used for centuries throughout Western
Polynesia, including Tonga, Samoa, and as far west as Tahiti where it is known as ava, or
angooner. In the Marquesas Island group the plant has been identified as Piper latifolium,
but this is probably synonymous with P. methysticum; there, the native name is avavahai. It
is found in the Caroline Islands of Micronesia, and in many scattered locations throughout
eastern Melanesia, including New Britain, New Ireland, New Hebrides, and Fiji (where it is
referred to as yagona). The groups that migrated south from Melanesia to New Zealand
(the Maori) found a closely related and superficially similar plant Piper excelsum, but from
this no satisfactory drink could be made. The related species, P. betle, is only found much
further west in Indonesia, and is discussed below in conjunction with several additional
Piper species. The use of Kava-kava was first described by James Cook and the first
descriptions of the chemistry and pharmacology were reported by Lewin in 1886 . An
excellent bibliography that lists nearly a hundred references of early historical and
ethnographic accounts of Kava-kava usage has appeared, and a recent review of its
chemistry is also available.

       There is no agreement whatsoever on the pharmacological classification of the
drink, Kava-kava. These uncertainties are evident from references such as Cutting's
Handbook of Pharmacology which lists Kava-kava under the general heading of
psychotomimetics, but then states that it"" produces gentle stimulation, then depression "".
The equally authoritative text, Goodman and Gilman's ""The Pharmacological Basis of
Therapeutics"" avoids any classification by listing the plant as a material that is ""used for
subjective effects"". Lewin has Classified it as a hypnotic.

       It is classified here as an excitant, as it has found its primary use as an adjunct to
social meetings, and serves the same role as coffee in the Kaffeeklatsch, or the alcohol in
the cocktail party. Pharmacologically it can lead to a seemingly natural sleep, and indeed
the animal studies that have been conducted on the several compounds that have been
isolated from it, show muscular relaxation and a protection from induced convulsion more

characteristic of a sedative. The use is, however, social rather than individual, and leads to
conviviality rather than to escape. Kava-kava contains no alcohol, although the use of
alcoholic beverages has to some extent displaced it in modern usage.

       Early missionary reports strongly suggest that it was a narcotic substance (and so
appropiately condemned) as they describe physical impairment related to its use. This
apparent paralysis seems to be adequately accounted for by the associated habit of sitting
cross-legged during the lengthy Kava-kava ceremonies. More recent reports describe it as""
a refreshing, astringent drink which produces nothing more than a tingling sensation in the
mucous membrane of the mouth and a short-lived numbness of the tongue "". Two distinctly
different methods of preparing the Piper methysticum rhizome for the final drink
concoction have been well documented.

        One, often called the ""Tonga method"" although it was the principal method used in
Samoa as well, consists in having young men or women chew the root until it was fine and
fibrous. Efforts were made to keep the material as free of saliva as possible, and none of the
juices were swallowed. The chewed cud was then soaked in water, and after a period of
time decanted and drunk. The chewer experiences anaesthesia of the tongue and of the
inner lining of the mouth, a loss of taste for an extended period, stiffness of various mouth
muscles contributing to difficulties in articulation, but apparently there were no central
effects. With preparation of the drug in this manner, there is claim of narcotic effects, with
reports of visual and auditory changes, and a generalized euphoriant effect involving
improved appetite, loss of fatigue, and a benign social attitude. Larger doses appeared to
lead to muscular inco-ordination, and a drunkenness that leads to a stuporous sleep.
A second method of preparation, sometimes called the ""Fiji method"" and the procedure
most widely practised today, involves the use of a mechanical pounding and pulverizing of
the root, and the extraction of the residue with water. The effects produced by this
procedure are claimed to be more of a stimulant and socially relaxing nature, hardly
suggesting the narcotic-like consequences mentioned above. It is possible that the action of
the saliva may well induce some chemical transformation in the plant material, but this is
unexplored, and the entirety of present pharmacological knowledge is based on material
produced solely by this latter process.

       A complete description of contemporary preparation ceremonies and the associated
protocols of use are given by Holmes. An ethnographic description of its uses in Fiji has
recently appeared in an excellent review, and a complete review of both plant description
and general social use has been prepared by Steinmetz.

       The structures of the isolates from Kava-kava can be organized about a general
skeleton of an arylethylene-α-pyrone of the generalized structure shown in (I), wherein ""A""
can represent some degree of substitution (hydrogen, hydroxyl, methoxyl, or
methylenedioxy), ""B"" is either a vinyl unsaturation or the dihydro-counterpart, and ""C"" can
represent the inclusion of a second double bond in the pyrone ring. The numbering system
shown in (Ia) is widely accepted.


       The first substance isolated from Piper methysticum was methysticin (II), also
known as kavatin, kavahin, and kanakin. The chemical name for methysticin can follow
emphasis either upon the heterocyclic nature of the pyrone ring or upon the aliphatic acid
nature of the lactone system. In the former aspect, the IUPAC has recommended the name
5,6-dihydro-4-methoxy-6-[3',4'-(methylenedioxy)styryl]-2H-pyran-2-one. The Chemical
Abstracts indexing has followed the latter path, using 5-hydroxy-3-methoxy-7-[3,4-
methylenedioxyphenyl]-2,6-hepta- dienoic acid - lactone. This open-chain structure name
(IIa) emphasizes the biosynthetic origins of this class of compounds.




       The ethylenic dihydroanalog dihydromethysticin (III) was isolated almost 50 years
later by Winzheimer. The completely conjugated analogue, 5,6-dehydromethysticin (IV)
has recently been observed as a component of Kava-kava.

       The corresponding unsubstituted phenyl analogues of this series were uncovered by
Borsch and co-workers who reported the unsubstituted counterparts of methysticiu as
components of Kava-kava. The precise analogue to methysticin is kawain (V) also known as
kavain and gonosan. The dihydroderivative (dihydrokawain, VI) and the dehydro-analogue
(desmethoxyyangonin, VII) are both exactly comparable to the methysticin hydrogenation
family above. This last name is classically more acceptable than the more obvious term
dehydrokawain, as the monomethoxy-pyrone yangonin was one of the first compounds
isolated from Kava-kava and along with methysticin is one of the major components. It was
originally assigned the γ-pyrone structure VIII but this was successfully challenged some
10 years ago on theoretical grounds, and the correct structure IX, in complete harmony

with the other γ-pyrones of this group, was confirmed by synthesis.




         Yangonin serves as the basis for two additional substances isolated from Kava-kava,
both of which have been established synthetically as possessing the α-pyrone ring. These
are the meta-methoxy analogue 11-methoxyyangonin (X) and the phenolic counterpart 11-
methoxy-nor-yangonin (XI). These substances show a structural resemblance to the parent
methylenedioxy compound methysticin in a manner completely analogous to examples
within the essential oil family. Anethole (XII, 4-OCH <sub>3</sub>), methyl-isoeugenol
(XII, 3,4-(OCH <sub>3</sub>) <sub>2</sub>), isoeugenol (XII, 3-OCH <sub>3</sub>-4-
OH), and isosafrole (XII, 3,4-OCH <sub>2</sub>O) are exact analogues of yangonin, 11-
methoxyyangonin, 11-methoxynoryangonin, and methysticin, resp. It is certainly possible
that their origins employ common biosynthetic pathways.

        Two pigment materials have been isolated from the rhizomes of Piper methysticum
by chromatographic techniques. One, called Flavokawin A was initially obtained in 0.04%
yield; the other, Flavokawin B, in one tenth this amount. The structures of these have been
established by synthesis to be substituted chalcones that bear an obvious biogenetic
relationship to the styrylpyrones. Flavokawin A has proved to be 2'hydroxy-4-4'-6'-
trimethoxychalcone (XIII) and Flavokawin B is 2'-hydroxy-4'-6' dimethoxychalcone (XIV).
These yellow pigments provide an explanation for the skin discoloration observed with
chronic exposure to Piper methysticum extracts, but they appear to be without biological

activity.




       Two additional chalcones have been reported as components of a New Guinea Piper
species, both closely related to Flavokawin B. These are the respective demethylated
resorcinols pinostrobinchalcone (XV) and alpinetinchalcone (XVI). These latter two
compounds are present in the plant in amounts comparable to the major chalcone,

Flavokawin A.




      A number of other related flavanones have also been observed in this same New
Guinea species, and it is entirely possible that at least two of them might have arisen

through a chemical modification of these above-mentioned chalcones as a consequence of
isolation. Dihydrotectochrysin (XVII) is the cyclization product of pinostrobinchalcone
(XV), and alpinetin (XVIII) is related similarly to alpinetinchalcone (XVI). Both of these
compounds, regardless of their origins within the isolation procedures employed,
represent several tenths of a per cent of the total plant extract.

       A third flavanone has been observed, dihydrooroxylin A (XIX) but no corresponding
chalcone has as yet been reported.

       Yet another style of component of Piper methysticum is illustrated by the structures
of two conjugated diene ketones, cinnamylidineacetone (XX) and 3,4-methylenedioxy-
cinnamylidineacetone (XXI). These two compounds ouldc theoretically arise as artifacts,
through hydrolysis and decarboxylation, from kawain and methysticin, respectively, but
this source has been excluded through appropiate experiments. The general structure of a
carbonyl group conjugated through olefins to an aromatic ring is suggestive of piperine, the
major alkaloid of most peppers of food use (v.i.).




       A novel alcohol has been reported present in unspecified amounts, and a structure
has been proposed (XXII). This is the hydroxyl analogue of dihydrokawain (VI) and is
probably related through reduction and hydration to desmethoxyyangonin (VII). As it is
optically active, it is presumably natural, and not an artifact of isolation. The presence of
alkaloid components in Kava-kava are suggested but no details are as yet available. A
recent report has compiled the various physical properties of many of these chemicals,
both singly and in combination.




       The determination of the relative amounts of these various components present in
the intact plant is difficult, as different separation procedures lead to different analyses.
Klohs has assayed the actual isolates from the column chromatography separations of
various fractions; Young has used spectrophotometric techniques for the analysis of these

fractions. A clear separation into major, minor, and trace contributions may be made as
follows:

Present to 1% or more Ref: 26,27
Dihydrokawain (VI)
Kawain (V)
Methysticin (II)
Present 0,1% to 1% Ref: 21,22,26,27
Yangonin (VIII)
Dihydromethysticin (III)
Desmethoxyyangonin (VII)
Flavokawin A (XIII)
Pinostrobinchalcone (XV)
Dihydrotectochrysin (XVII)
Alpinetinchalcone (XVI)
Alpinetin (XVIII)
Dihydrooroxylin A (XIX)
Present 0,01% to 0,1% Ref: 15,19,21
1l-Methoxy-nor-yangonin (XI)
11-Methoxyyangonin (X)
Flavokawin B (XIV)

        A number of structural modifications of the basic mythysticin molecule have been
synthesized in an effort to assign biological activity to one or another portion of the
molecule. These analogues have been assayed pharmacologically in micro-organism
systems as well as in test animals, and certain structure-activity relationships are apparent.
Shortening or lengthening of the two-carbon bridge between the rings of the molecule
dihydrokawain (VI) decreased the effectiveness of this chemical as a fungistatic agent.
Elimination of the 2-carbon bridge (B, in I) generally leads to a decrease in biological
activity, as measured by the capability of the compound to protect a test animal against the
convulsive effects of strychnine. This was found to be true through extensive modifications
of the substitution pattern on the aromatic ring (A, in I). Included in these studies was the
trimethoxy- structure found in the oil isoelemicin (XII, R = 3,4,5-OCH3) and the alkaloid
mescaline. Maintaining the methylenedioxy ring of methysticin but instituting extensive
changes in the chemical nature of the ethylene bridge between the two rings has led to no
increase in potency.

       The unnatural dihydro-analogue of kawain (dihydropyrone, with the styrene double
bond intact), and the tetrahydro-counterpart have been synthesized but no measure has
been made of their comparitive activities. A similar hydrogenation study has been
conducted with yangonin (IX) and it appears that some narcotic effects appear with the
introduction of hydrogen in the pyran 5,6-position.
       Homologues of mythysticin have been studied as well. The substitution of a variety
of groups on the tertiary carbon connecting the ethylene link with the dihydropyrone ring,
yielded compounds without pharmacological interest. On the other hand, the replacement

of the methoxy- group of methysticin with an ethoxy group (ethysticin) seems to provide
an active material that has been studied in man (v.i.).

       Extensive animal studies have been conducted, not only on the many isolated
chemicals but on the total extract of P. methysticum itself. One of the most common
pharmacological measurements has been the inhibition of the convulsions induced by
strychnine or by electroshock. The skeletal relaxant, mephenesin, has usually been used as
a comparative measure of activity.

       This central activity of the Kava-kava family of compounds has recently been
extensively studied . Increased dosages of several of the pyrones led to ataxia and paralysis,
but without a loss of consciousness, in a manner more reminicent of mephenisin than of
curare. In most animal species muscular ataxia is noted at drug levels of about 10 mg/Kg
with the intravenous route, and at perhaps 100 mg/Kg by the oral route.

        With oral administration, absorption from the gut is extremely rapid for kawain (V)
and dihydrokawain (VI) as the biological effects (protection against maximal electroshock
seizure) were maximum in about 10 minutes. Methysticin (II) and its dihydro- derivative
(III) were quite a bit more potent, but were more slowly absorbed (about 45 minutes being
required for maximum effectiveness). The effective levels of dihydromethysticin and
dihydrokawain (VI) via an intraperitoneal route (in protection against electroshock
seizure) are 25 mg/Kg and 60 mg/Kg resp. This is some 2 1/2 times more effective than the
oral route. The dihydro- derivatives of both kawain and methysticin have also showed
effects in the inhibition of frog heart contraction. These actions have been compared with
those of cocaine which shows a similar protection against ventricular fibrillation through
its local anaesthetic effectiveness. Anaesthetic action as measured by protection of the
rabbit cornea has again been shown to be characteristic of these dihydroderivatives as well
as of their unsaturated parents.

        Yangonin (IX) and desmethoxyyangonin (VII) are relatively ineffective orally as
anticonvulsive agents (employing strychnine as a challenge drug ) but they appear to
possess biological activity comparable to the other related alpha-pyrones when
administered parenterally. Further, it has been observed that the oral administration of
yangonin and dehydroyangonin in combination with other pyrones, led to a marked
increase in over-all potency. This possible potentiation might explain the unsatisfactory
comparisons between the pharmacology of the total root of Piper methysticum and of the
several isolated components. It has been reported that a recombination of isolated
chemicals does indeed reconstitute the observed biological response found with the extract
of the entire root, whereas none of the individual compounds appeared to be similarly
active. Recent studies in the mouse have shown that the several pyrones found in Piper
methysticum and especially methysticin itself are effective in protection against
strychnine-induced convulsion. This component, as well as kawain appear to be effective
antispasmatics in studies with guinea pig ilium preparations , and these two chemicals can
account for the entire plant extract potency in this test.

        A report has appeared indicating that a water-soluble fraction of kava-kava
(obtained by steam distillation) contains biologically active materials, and that this fraction
was shown to be relatively free of any pyrone material. It suppresses spontaneous activity
in test animals, and at higher doses leads to a muscular relaxation similar to that seen from
the earlier-mentioned pyrones. Chemically this fraction is unexplored, but its separation
into various distinct fractions has been described . Extracts of the complete root of P.
methysticum have been reported to be fungistatic. The active components are the
dihydropyrones, and dihydrokawain appears to be especially active against a test
Aspergillus species.

        Many reports have appeared that describe the action of the total extracts of the
plant in man. A thorough bibliography of historic usage has been mentioned earlier , and
the Kava-kava ceremony as it is observed at the present time has been recently described
within the cultures both of Samoa and of Fiji .

        On the contrary, clinical reports that might suggest potential medical virtue of either
the plant extracts themselves or of the isolated individual components as chemical entities,
are almost unknown. The main effort in this latter direction has been the exploration of the
Kava-kava principles as possible anti-epileptics. The administration of the crude root-
substance, at levels of 6 grammes/day gave some degree of protection against seizure, as
did the employment of 1 gramme/day of an alcoholic extract. However, after a period of
several weeks of chronic usage, there was a distinct discoloration of the skin of the
subjects, and efforts were directed to the study of the component chemicals .
Studies of dl-dihydromethysticin were similarly conducted as possible anti-epileptics. At
chronic levels of 1200 mg/day there was some control of grand mal seizures, but no sign of
improvement in the incidence of Petit Mal epilepsy. Again, as with the total root extract,
after a period of a month of chronic usage there were signs of accumulation (conjunctival
erythema) and indications of gastric and intestinal distress.

          Acute studies of dl-methysticin (II) and the pharmacologically promising homologue
dl-ethysticin (532-Riker, XXIII) have been reported. At single dosages of 800 mg there was
little if any activity noted. ""No significant changes of blood-pressure, pulse rate, grip-
strength, hand steadiness, or pupil size occurred. The subjective responses were equally
divided between stimulant, placebo, and sedative reports.""




       The only report that compares directly the human responses of the natural (d)
isomer of compounds found in plant sources to their synthetic counterparts, is a paper
describing electro-encephalographic activity modifications. DL-dihydromethysticin, d-
dihydromethysticin (III) and dihydrokawain (VI, of unspecified optical activity) have been
compared at acute oral levels of 160 mg. (200, for dihydrokawain). There were minimal

changes in the EEG tracings but subjects reported a ""mild sedation"" with all three
compounds. These authors have concluded that no further studies with this plant material
are justified.




       A number of interesting and closely related compounds have been described in
plants that are also widely known as peppers. The table spice commonly employed as a
condiment is derived primarily from the plant Piper nigrum, black pepper. A distinct form
known as "" long pepper "" was employed by preference through the classical times and
during the Middle Ages. This latter is today essentially nonexistent, but is known to be
closely related to two allied plants, Piper longum found in the Philippines west to Ceylon
and Southern India, and Piper officinarum, a climbing shrub found primarily in Java.
The racemic mixture of dihydromethysticin is synthetic. The natural forms of both
dihydromythesticin and methysticin itself are the dextrorotatory isomers.

       The principal substance responsible for the sharp taste of pepper is the alkaloid
piperine (XXIV) which has been known through isolation and synthesis for nearly a
hundred years. Points of similarity between piperine and methysticin (II) are evident: the
presence of the 3,4-methylenedioxyring, and the presence of the styrene nature of
conjugated unsaturation.

        A number of Piper spp., although not of known central activity, have nonetheless
been found to contain substances that possess structures that resemble both of these
compounds. Many of these plants have been studied due to their involvement and
reputation in the Ayurvedic system of Indian medicine. Piper longum, mentioned above as
Indian long pepper, is a plant material that has been used for the treatment of asthma and
chronic bronchitis. A major alkaloid, piplartine, was isolated and described by Atal. Initially
its structure was thought to be a piperidide of trimethoxycinnamic acid (XXV) but the same
chemical appears to have been reisolated subsequently, given the name piperlongumine
(piperlangumine), reanalysed to show a fifth oxygen atom, and assigned the structure of a
piperidone amide (XXVI) [47,48]. A recent report supports a structure with an isomeric
double-bond position (XXVII) but encourages a return to the original (and simpler) naming
of piplartine. The Chattergee group has also reported the isolation of a minor component,
piperlunguminine (XXVIII). which appears to be an open chain amide of piperic acid, in

which isobutylamine replaces piperidine.




 Piper peepuloides is yet another pepper plant employed in the Ayurvedic system of
medicine, and has been found to contain the closely related cinnaminamide, peepuloidin
(XXIX) . As with all the styryl compounds in the Piper species, the aromatic ring
substitution pattern is the same as that found in the propenyl essential oils. Just as the
afore-mentioned amides from Piper longum are related to isoelemicin (XII, 3,4,5-(OCH3)3)
so peepuloidin is assigned the substitution pattern of isodillapiole (XII, 2,3-(OCH3)2-4,5-
(OCH2O)). A homologue of isosafrole, pipataline (XXX) is yet another styrenelike
component of P. peepuloides.

       Another pyrrolidine amide alkaloid closely related to peepuloidin has been
discovered in the pepper species, Piper trichostachyon . This is trichostachyon (XXXI) the
transvinylog of the styrene ethers. None of these styrene amides have been explored
pharmacologically.




       Piper excelsum has been mentioned earlier as a New Zealand pepper, which in no
manner could serve as a substitute for Piper methysticum in the preparation of an
intoxicating drink. The Maori are reported to employ the plant for the preparation of a
treatment of headache, but its chemistry and pharmacology remain unexplored. Piper
plantagiveum has been mentioned as being found in the West Indies and Mexico, and as
serving as a course of a Kava-kava-like narcotic.

        Piper betle is the source of Betel, a dried leaf preparation that has been extensively
used in Southeast Asia both topically as well as internally. The term Betel (leaf of the
pepper Piper betle) must not be confused with Betel Nut (seed of the palm, Areca catechu)
which is an entirely separate and unrelated abuse drug. Betel (the leaf) has often served as
a wrapping for the Betel Nut, which is usually encountered thinly sliced and mixed with
some slaked lime. The internal use of Betel is as a source of sharpness in the flavouring of
Betel Nut. The leaves, known as Sirih in Malayan, provide an oil that contains a number of
phenolic substances, many of which are allylphenols . Chavicol (4-hydroxyallyl-benzene) is
a major component and is strongly antiseptic. Hydroxychavicol (allylpyrocatechol, 3-4-
dihydroxyallylbenzene) is present (and contains the carbon skeleton of safrole) as is its 4-
methyl ether, chavibetol, which is classically known as "" betel phenol "". Although the use of
Betel is almost incidental to the use of Betel Nut, there have been some preliminary studies
made into its pharmacological properties.

       A second large Genus of peppers are those associated with the chili pepper, the
Capsicum spp. Most of these have found use as foods and flavourings, but one report
suggests that the addition of pepper pods of Capsicum annuum to Kava-kava has been
intentional, to strengthen its effects and suggesting a relationship to the Betel of Indonesia.
Another report describes the use of peppers as a ""stimulant and excitant"" by the Kakusi
Indians of British Guiana . Since these New World peppers have been clearly identified as a
species of Capsicum a careful search in this Genus for alkaloids or pyrones would certainly
be warrented.

        A number of the compounds that have been described as comprising the Piper
methysticum plant are known from other areas of the botanical world. 11-Methoxy-
yangonine (X), mentioned above as a minor component of the Kava-kava root, had
previously been observed as a component of the Brazilian Rosewood Aniba firmula . One of
the earliest compounds isolated from Aniba firmula was desmethoxy-yangonin (VII) and
was originally called 5,6-dehydrokavain due to its clear relationship to kawain. This
isolation was the first description of this chemical from natural sources and predates its

observation in the Piper group. The chemical itself had first been synthesized fully two
decades before either of the observations of its natural occurrence.

       An interesting family of chemicals, the phenylcoumalins, also occurs in the
rosewood. These are the analogues of desmethoxy-yangonin and dehydromethysticin,
lacking only the vinyl group that connects the two ring systems. 4-Methoxy-
phenylcoumalin (XXXII) can be related directly to desmethoxy-yangonin (5,6-
dehydrokawain, VII) and this has been isolated as a major component of Aniba duckei.




The 4-methoxyparacotoin analogue (XXXIII) has been described in conjunction with the
isolation of desmethoxyyangonin from this species. This methylenedioxy counterpart of
methoxyphenylconmalin (XXXII) appears to be biogenetically related to the methysticin
group. A complete review of all these interrelated pyrones has recently appeared. The
rosewood (Aniba firmula) which has no reputation for central activity, must not be
confused with the woodrose (Argyreia nervosa) which is an exceptionally active
psychotomimetic.

References
001

J. Cook, A Voyage to the Pacific Ocean , London, 2 145, 155 (1785).
002

L. Lewin, über Piper methysticum (Kawa) , A. Hirschwasd, Berlin (1886).
003

D. Carleton, Gajdusek, "" Recent observations on the use of Kava in the New Hebrides "",
Ethnopharmacologic Search for Psychoactive Drugs , Ed. D. Efron, USGPO (1967), p. 119.
004

F. Keller, and M. W. Klohs, ""A review of the chemistry and pharmacology of the constituents
of Piper methysticum "", Lloydia, 26 , 1 (1963).
005

W. C. Cutting, Handbook of Pharmacology , 4th Edition (1969), Appleton-Century Crofts, p.
743
006

L. S. Goodman, and A. Gilman, The Pharmacological Basis of Therapeutics , 4th Edition
(1970), Macmillan, p. 301.
007

L. Lewin, Phantastica; Narcotic and Stimulating Drugs , Routledge and Kegan Paul (1964), p.
215.
008

Hans J. Meyer, "" Pharmacology of Kava "", Ethnopharmacologic Search for Psychoactive
Drugs , Ed. D. Efron, USGPO (1967), p. 133.
009

Lowell D. Holmes, "" The function of Kava in modern Samoan culture"", ibid, p. 107.
010

A. Hoffer and H. Osmond, The Hallucinogens , Academic Press (1967), p. 57.
011

Clellan S. Ford, "" Ethnographic aspects of Kava "", Ethnopharmacologic Search for
Psychoactive Drugs , Ed. D. Efron, USGPO (1967), p. 162.
012

E. F. Steinmetz, Piper methysticum , publ. by Dr E. F. Steinmetz, 347 Keizersgracht-
Amsterdam (Netherlands) (1960).
013

G. Cuzent, "" Composition chimique de la Kavahine "", Compt. rend., 52 205 (1861).
014

E. Winzheimer, "" Beitrage zur Kenntnis der Kawawurzel "", Arch. Pharm., 246 338 (1908).
015

R. Hansel, H. Sauer and H. Rimpler, ibid, 299 507 (1966).
016

W. Borsch and W. Peitzsch, Ber. 63 2414 (1930).
017

I. Chmielewska, J. Cieslak, K. Gorzcynska, B. Kontnik and K. Pitakowska, "" Structure de la
yangonine. Etude spectrographique dans l'ultraviolet et l'infrarouge "". Tetrahedron, 4 36
(1958).
018

J. D. Bu'Lock and H. G. Smith, J. Chem. Soc ., (1960) 502.
019

R. Hansel and L. Klaproth, "" Isolierung von 11-methoxy-yangonine aus der Kawawurzel "".
Arch. Pharm., 299 503 (1966).
020

R. Hansel, P. Baehr and J. Elich, "" Isolierung und Charakterisierung von zwei bisher
unbekannten Farbstoffen des Kawa-Rhizoms "". Ibid, 294 739 (1961).
021

R. Hansel, G. Ranft and P. Bahr, "" Zwei Chalkonpigmente aus Piper methysticum Forst. "", Z.
Naturforsch., 18 370 (1963).
022

H. Von Sauer and R. Hansel, "" Kawalaktone und Flavonoide aus einer endemischen Piper-
art Neu Guineas "". Planta med. 15 443 (1967).
023

P. Jossang and D. Holho, "" Chromatographie sur couches épaisses non liées des constituants
du rhizome de Piper methysticum : Isolement de deux nouvelles cétones, cinnamalacétone
et methylénedioxy-3,4-cinnamalacétone "", J. Chromatog., .l 375 (1967).
024

H. Achenbach and G. Wittmann, "" Dihydrokawain-5-ol, ein neuer Alkohol aus Rauschpfeffer
( Piper methysticum Forst .) "", Tetrahedron Letters (1970), 3259.
025

L. Langhammer, "" Inhaltsstoffe von Piper methysticum Forster; eine
thermomikroskopische Studie "". Arch. Pharm., (1971) 304 126.
026

M. W. Klohs, F. Keller, R. E. Williams, M. I. Toekes and G. E. Cronheim, "" A Chemical and
pharmacological investigation of Piper methysticum Forst."", J. Med. Pharm. Chem ., 1 95
(1959).
027

R. L. Young, J. W. Hylin, D. L. Plunknett, Y. Kawano and R. T. Nakayama, "" Analysis for Kawa
pyrones in extracts of Piper methysticum "", Phytochemistry, 5 795 (1966).
028

M. W. Klohs, "" Chemistry of Kava "", Ethnopharmacologic Search for Psychoactive Drugs , Ed.
D. Efron, USGPO (1967), p. 126.
029

R. Hansel, D. Weiss and V. Schmidt, "" Kawalaktone: Ketten-lange und fungistatische
Wirkung "", Arch. Pharm., 301 369 (1968).
030

R. Hansel, "" Analytical behaviour of C 6 aryl-substituted alpha-pyrones of the Kawalactone
type "". Kongr. Pharm. Wiss. Vortr. Originalmitt., 23 , Muenster, Germany (1963), CA
62:5750f.
031

F. Werny and R. Hansel, "" Hydrogenation of 6-styryl-alpha-pyrones to active materials of
the Kawa-lactone type (from Piper methysticum ) "", Naturwissenschaften, 50 355 (1963).
032

H. J. Meyer and R. Kretzschmar, "" Kawa-Pyrone eine neuartige Substanzgruppe zentraler
Muskelrelaxantien vom Typ des Mephenesins,"" Klin. Woch ., 44 902 (1966).
033

H. J. Meyer and J. Meyer-Burg, "" Reduction of electroseizures by the Kava-pyrones
Dihydromethysticin and Dihydrokawain "", Arch. Inter. Pharmacodyn., 148 97 (1964).
034

H. J. Meyer and H. V. May, "" Local anaesthetic properties of natural Kava Pyrones "", Klin.
Woch ., 42 407 (1964).
035

R. Kretzschmar and H. J. Meyer, "" Vergleichende Untersuchungen über die Antikonvulsive
Wirksamkeit der Pyronverbindungen aus Piper methysticum Forst."", Arch. int.
Pharmacodyn., 177 261 (1969).
036

R. Kretzschmar, H. J. Meyer and H. J. Teschendorf, "" Strychnine antagonistic potency of
pyrone compounds of the Kavaroot ( Piper methysticum Forst.) "", Experientia, 15 283
(1970).
037

R. Kretzschmar, H. J. Meyer, H. J. Teschendorf and B. Zöllner, "" Spasmolytische Wirksamkeit
von Aryl-Substituierten alpha-Pyronen und wassrigen Extrakten aus Piper methysticum
Forst. "", Arch. int. Pharmacodyn ., 180 475 (1969).
038

J. P. Buckley, A. R. Furgiuele and M. J. O'Hara, "" Pharmacology of Kava "",
Ethnopharmacologic Search for Psychoactive Drugs , Ed. D. Efron, USGPO (1967), p. 141.
039

M. J. O'Hara, W. J. Kinnard and J. P. Buckley, "" Preliminary characterization of aqueous
extracts of Piper methysticum "", J. Pharm. Sci., 54 1021 (1965).

040

R. Hansel, D. Weiss and B. Schmidt, "" Fungistatische Wirkung der Kawadroge und ihrer
Inhaltsstoffe "", Planta medica, 14 1 (1966).
041

C.C. Pfeiffer, H. B. Murphree and L. Goldstein, "" Effect of Kava in normal subjects and
patients "", Ethnopharmacologic Search for Psychoactive Drugs , Ed., D. Efron, USGPO
(1967), p. 155.
042

C. C. Pfeiffer, H. B. Murphree and L. Goldstein, U.S. Public Health Service Publication 1645, p.
155 (1967).
043

P. Caseneuve and O. Caillol, "" The extraction and description of the piperines in pepper "",
Bull. Soc. Chim ., (2) 27 290 (1877).
044

L. Rügheimer, "" Künstliches Piperin "", Ber. 15 1390 (1882).
045

Kirtikar and Basu, Indian Medicinal Plants, 3 2128 (1933) Basu, Allahabad, India.
046

C. K. Atal and S. S. Banga, "" Structure of Piplartine, a new alkaloid from Piper longum "", Ind.
J. Pharm., 24 105 (1962); Current Sci . (India) 32 354 (1963).
047

A. Chattergee and C. P. Dutta, "" The Structure of Piperlongumine, a new alkaloid from the
roots of Piper longum "", Sci. Cult ., 29 568 (1963).
048

A. Chattergee and C. P. Dutta, "" Alkaloids of Piper longum Linn; I. Structure and synthesis of
Piperlongumine and Piperlonguminine "", Tetrahedron, 23 1769 (1967).
049

B. S. Joshi, V. N. Kamat and A. K. Saksena, "" The structure of Piplartine and a synthesis of
Dihydropiplartine "", Tetrahedron Lett ., (1968) 2395.
050

B. S. Joshi, Personal communication.
051

C. K. Atal, P. N. Moza and A. Pelter, "" The structure of Peepuloidin, an alkaloid from P.
peepuloides "", Tetrahedron Lett . (1968) 1377.

052

C. K. Atal, K. I. Dhar and A. Pelter, "" Structure of Pipataline, an extractive from Piper
peepuloides "", Chem. Ind . (1967) 2173.
053

J. Singh, K. L. Dhar and C. K. Atal, "" Studies on the genus Piper. IX. Structure of
Trichostachine. An alkaloid from Piper Trichostachyon "". Tetrahedron Lett ., (1969) 4975.
054

E. Ueda and T. Sasaki, "" Formosan plants. I. Chemical constituents of the leaves of Piper
bette "". J. Pharm. Soc., Japan, 71 559 (1951).
055

M. M. Ally, "" Preliminary observations on the pharmacology of Betel leaf "". Proc. Pan Indian
Ocean Sci. Congr., 4th , Karachi, Pakistan Sect. G., 1960, p. 31. CA 61:7363e.
056

A. Kramer, Die Samoa-Inseln , Stuttgart, 1902.
057

E. E. Roth, "" An introductory study of the arts, crafts, and customs of the Guiana Indians "",
38th Ann. Rept. Bur. Am. Ethnol ., 1916-17 (1924) p. 25.
058

R. E. Schultes, "" The place of ethnobotany in the ethnopharmacological search for
psychoactive drugs "", Ethnopharmacologic Search for Psychoactive Drugs , Ed. D. Efron
USGPO (1967), p. 33.
059

W. B. Mors, M. T. Magelhaes, O. A. Lima, A. M. Bittencourt and O. R. Gottlieb, Ana. Assoc.
Brasil Quim ., 21 7, (1962).
060

O. R. Gottlieb and W. B. Mors, "" The chemistry of rosewood. III. Isolation of 5,6-
Dehydrokavain and 4-Methoxyparacotoin from Aniba firmula Mez."", J. Org. Chem., 24 17
(1959).
061

Z. Macierewicz, "" Sprawozdania Posiedzen Towarz. Nauk."", Warszaw III. Nauk. Mat. Fiz., 32
37 (1939); Roczniki Chem. 24 144 (1950).
062

O. R. Gottlieb, M. T. Magalhaes and W. B. Mors, "" The Chemistry of rosewood. V. 4-
Methoxyphenylcoumalin "", Anais. assoc. brasil. quim., 18 37 (1959).
063

W. B. Mors, M. T. Magalhaes and O. R. Gottlieb, "" Naturally occurring aromatic derivatives of
monocyclic alpha-Pyrones "", Fortsch. Chem. Org. Natur., 20 131 (1962).",,reviewed
