id,document_id,page_number,label,readable_image_path,thumbnail_image_path,ocr_text,ocr_confidence,transcription_status
ad3b3324-a5be-51bf-8592-b84c08805017,6357f4ca-62ad-5cfc-a4de-eb66b357ea01,1,Imported page body,,,"Historical Overview

Produced in 1955 by the Wm. S. Merrell Company, this medical demonstration film documents the clinical research of Dr. Howard D. Fabing, a neurologist and psychiatrist based at Christ Hospital in Cincinnati, Ohio. The film illustrates the effects of the experimental compound MER-17 (generically known as azacyclonol and marketed as Frenquel) as a potential ""blocking agent"" against drug-induced psychosis. The footage centers on a series of experiments conducted in November and December of 1954 featuring ""Ronnie,"" a 22-year-old psychology graduate student. In the film, Ronnie acts as a ""healthy normal"" control subject, ingesting 100 micrograms (gamma) of LSD-25 to induce a temporary psychotic state. The narrative structure contrasts an unmedicated LSD session—characterized by Ronnie’s reported paranoia, dissociation, and confusion—with subsequent sessions where MER-17 is administered either prophylactically or intravenously to abort the psychedelic effects.

The ""Model Psychosis"" Era
Dr. Fabing’s work represents a quintessential example of the ""psychotomimetic"" paradigm that dominated psychedelic research in the 1950s. during this period, substances like LSD and mescaline were primarily utilized by the psychiatric establishment to create a ""model psychosis""—a temporary, reversible state believed to mimic the symptoms of schizophrenia. Researchers operated under the hypothesis that if a chemical antagonist could be found to block the effects of LSD, it might serve as a cure for endogenous schizophrenia. MER-17 was an isomer of Meratran (pipradrol), a stimulant Fabing had previously researched; unlike its parent compound, MER-17 was investigated for its specific ability to diminish hallucinations and dissociation without acting as a sedative. The film highlights the close relationship between academic researchers and pharmaceutical companies of the era, as well as the casual, pre-prohibition clinical environment where graduate students frequently served as test subjects.

While the film presents MER-17 as a breakthrough ""anti-confusion"" drug with the capacity to dramatically reverse LSD intoxication, the medication’s long-term clinical trajectory was less successful. Although azacyclonol was approved by the FDA and briefly used in psychiatric settings, it eventually fell out of favor due to inconsistent efficacy in large-scale trials, particularly when compared to the emerging class of powerful neuroleptics like chlorpromazine (Thorazine).

I believe this is an extremely interesting and useful primary source not just for historians of pharmacy and psychedelics, but also for anyone interested in mid-century American film, television, masculinity, and the scientific gaze. The film captures the vocabulary used to describe the psychedelic experience prior to the countercultural movement of the 1960s—framing the trip as ""mass confusion"" and ""dissociation"" rather than a mystical or recreational event. But beyond the words, there is a remarkable story told by the body language, posture, and visual vocabulary of the film itself.

The whole thing is worth watching — you can view it via the link below.

— Benjamin Breen (2025)

full transcript

[SCENE: Introduction and Titles]

Dr. Fabing: The object of this presentation is to demonstrate the effect of MER-17, a new blocking agent against the development of LSD-25 psychosis. We have used two healthy graduate students in psychology as subjects, but time permits us to show only one.

On the first experimental day, Ronnie, aged 22 and weighing 75 kg, was given 100 gamma [micrograms] of LSD-25 in distilled water orally. This is a very small quantity of LSD-25, but all investigators report that it is enough to produce a temporary psychotic dissociation state in any healthy adult.

The scene which follows shows what happened to Ronnie after he drank the LSD-25 solution. And if you will follow the clock, you will be able to note time intervals accurately.

[SCENE: First Experiment - LSD-25 Only]

Dr. Fabing: Now, how do you feel after an hour?

Ronnie: Uh, like I... should be getting sick. Uh, it's uh... but it's different in that I'm not. I mean, I’d be sick by this time if I were going to. I feel almost a nausea. Almost.

Dr. Fabing: Anything else?

Ronnie: Dryness of throat. But I... it feels as though if I did take a drink or something, well, I wouldn't keep it. So, that's... and there is a... I have to maintain my attention. It's an effort to... to, well, talk to you right now, for instance. Reality is leaving.

Dr. Fabing: Well, you were talking to Ronnie... Ron, a while ago we separated you and Dick. Do you have any idea why we did that?

Ronnie: Uh, no. It's uh... yes, I do. You just separated us to see how we would react.

Dr. Fabing: You felt though that we were separating you to see how you alone reacted, and you felt that we were watching you. Is that right or wrong?

Ronnie: No, I... um... you haven't been watching me on video...

Dr. Fabing: You don't think we're trying to pull anything on you?

Ronnie: No.

Dr. Fabing: (Addressing the camera/audience) Well, why did you assume that particular line of inquiry with Ronnie about the separation of the two boys? Because I felt at the time of separation that Ronnie did have some very real paranoid feelings and felt as though we separated the two of them so we could spy on Ronnie alone. And yet, when he sat down before the camera, he didn't voice any of those paranoid ideas. No, I think it's interesting that he was able to mobilize his defenses and to deny that he did have those feelings at the time. I feel that they were really there, and I think he did show other evidences of paranoid feelings.

Dr. Fabing: (To Ronnie) Ron, you look tired. Are you?

Ronnie: Yeah.

Dr. Fabing: Have you got anything particular to report to me?

Ronnie: No.

Dr. Fabing: Uh, do you feel slowed up?

Ronnie: Decidedly.

Dr. Fabing: How is your mood? Are you happy?

Ronnie: No.

Dr. Fabing: You feel gay?

Ronnie: No. No emotion.

Dr. Fabing: Does it seem like you've been here a great long time?

Ronnie: I've lost all time perception. It's probably sometime in the afternoon, is all I can tell you.

Dr. Fabing: Have you had any visual phenomena or any auditory phenomena?

Ronnie: I... in on the couch there I... was nothing that I can describe. There were... there were a lot of colors and things taking shapes.

Dr. Fabing: And were they geometric patterns or were they just sort of like a batik, sort of run together or what?

Ronnie: Um, I'm sorry, what... what were you...

Dr. Fabing: You forgot what I asked you?

Ronnie: Uh, oh the uh... auditory... visual things. Uh, yeah, were geometric in shape.

Dr. Fabing: Is there anything you'd like to do right now?

Ronnie: No.

Dr. Fabing: If you had Aladdin's lamp and could do anything in the world you wanted to right now, what would you like to do?

Ronnie: Uh, get rid of this nervousness and... apprehensive.

Dr. Fabing: Do you feel as though you're in contact with this situation, us and people around?

Ronnie: I don't move.

Dr. Fabing: Ronnie, have you been sleeping for the last few minutes?

Ronnie: Um, not exactly.

Dr. Fabing: You've been lying down on bed.

Ronnie: Yeah.

Dr. Fabing: Were you thinking about anything in particular?

Ronnie: ...

Dr. Fabing: What did I ask you, Ron?

Ronnie: Um, you asked me if I were thinking about anything.

Dr. Fabing: Are you... wide [awake]?

Ronnie: No, I don't think so.

Dr. Fabing: You've been lying down, you haven't been talking. If I ask you how you felt, could you describe the way you feel?

Ronnie: ...

Dr. Fabing: What did I ask?

Ronnie: ...

Dr. Fabing: Well? Yeah, what did I ask you?

Ronnie: Um... how I tell you something... I could you answer.

Dr. Fabing: I feel all right. It's been 6 hours since you took that drink. Are you still feeling badly?

Ronnie: Yeah.

Dr. Fabing: Uh, do you know where you are?

Ronnie: Yeah.

Dr. Fabing: Where are you?

Ronnie: Christ Hospital.

Dr. Fabing: Has your mind been on anything in particular? Have you been thinking about anything in particular? Do you feel depressed?

Ronnie: No.

Dr. Fabing: Do you feel elated?

Ronnie: No.

Dr. Fabing: Have you been seeing anything by way of colors or have you been hearing anything unusual?

Ronnie: No.

Dr. Fabing: If I were to ask you how you felt, could you tell me?

Ronnie: I guess I... am... say it... depressed.

Dr. Fabing: What sort of mental activity are you going through?

Ronnie: Confusion.

Dr. Fabing: Well, Ron, you said that you thought the sun was in the wrong position when you looked out the window.

Ronnie: Yeah, I... I lost uh, time perception.

Dr. Fabing: You think that you're clearing at all or are you still quite muddled?

Ronnie: I don't think in the last 15 minutes anything has... has been improved.

Dr. Fabing: Are you anxious? Are you fearful? Are you worried?

Ronnie: I'm awfully nervous.

Dr. Fabing: Mm-hm. What would you classify your mood as?

Ronnie: My mood? Uh... apprehensive.

Dr. Fabing: You know about what?

Ronnie: No.

Dr. Fabing: What has your mental content been uh, lately? Do you know what you've been thinking about?

Ronnie: Just trying to keep uh... things... true situations. Trying to uh, be aware of it. Trying to stay in contact with reality.

Dr. Fabing: Have you felt a waxing and waning with reality?

Ronnie: Uh, well sometimes I've been confused about which is reality and which isn't. I mean, what little situations... uh, I was aware of noises for instance that uh, may have been to annoy me and may not have been. And rather than... than investigate, I... I just sort of let them go.

Dr. Fabing: Can you describe to us uh, how this thing was uh, some hours back when you were in the middle of it?

Ronnie: Just mass confusion is all. Uh... a... uh... that's... that's it, confusion.

Dr. Fabing: Would you say it was pleasant or unpleasant?

Ronnie: Uh, I wasn't aware at the time of any pleasantness or unpleasantness. And uh, and I'm still not. Uh, I... I'm not aware of any pleasantness or unpleasantness. I... am emotionless about it.

Dr. Fabing: Well Ronnie, do you think the picture showed the whole story of your LSD-25 experience?

Ronnie: Not by a long shot.

Dr. Fabing: The day after the experiment you wrote out something about it. Would you mind reading a part of it?

Ronnie: Not at all. (Reading) ""I had very little by way of visual hallucinations, but what I consider the important thing... that, well, what's a word to describe it? Dissociated, plagued, pounded, weighed? All three are inadequate to describe the horrible state I was in, all of them put together. Perhaps the central thing was suspicion and fear that you would find out about me, or perhaps think things that were not true. My overwhelming concern became: Are they doing this to find out how I'll act? Are they deliberately rattling that damn paper to make me angry? On and on and on this way. And as was no doubt obvious, I decided to do as little as possible so I wouldn't make any mistakes. It was my confusion, the fact that I had to study the situation, to be careful, that, shall I say, wrecked me up.""

Dr. Fabing: I believe that there was still a trace of this suspiciousness when we took you home that night. Would you mind telling us about the television experience?

Ronnie: It's hard to believe, but I joined the family to look at television in the living room, and I'll be damned if it wasn't talking in loaded phrases too. That made my reason take another step toward control, and I felt better.

Dr. Fabing: Well, thank you very much, Ronnie. This essentially paranoid type of reaction pattern has been described repeatedly by investigators of LSD-25 psychosis.

[SCENE: The Lecture / Explanation of MER-17]

Dr. Fabing: During the next week, Ronnie was given a 5 milligram tablet of our new blocking agent twice daily, and one final tablet on the morning of the second experimental day.

Our clinical experience with Meratran convinced us that this compound was quite different from any other central nervous system stimulants that we had known before, and we were interested in the effect of some of its isomers. When the nitrogen atom is moved from the alpha to the gamma position, an entirely new compound results pharmacologically. And it is this gamma isomer of Meratran which we have used as a blocking agent against LSD-25 psychosis. We were led to its use because of some dramatic though inconsistent results we had obtained when we used it on patients with schizophrenia.

And now, let us return to Ronnie and the second experimental day.

[SCENE: Second Experiment - LSD-25 + MER-17 Pre-treatment]

Dr. Fabing: Good morning to you.

Ronnie: Morning.

Dr. Fabing: I believe you've been taking one 5 milligram tablet of this compound twice daily throughout the last week.

Ronnie: I have.

Dr. Fabing: And you took one this morning.

Ronnie: Yes.

Dr. Fabing: All right, now here we are with 1/10 of a milligram of LSD in distilled water. So down the hatch.

(Ronnie drinks)

Dr. Fabing: Ron, does it seem to be a half an hour since you took the LSD?

Ronnie: Yes sir.

Dr. Fabing: Have you got anything to report to us in this first half hour?

Ronnie: Nothing.

Dr. Fabing: Uh, it's been an hour since you've taken LSD. What can you report?

Ronnie: Well, now I can definitely tell that I have taken it. Uh, but uh, my thoughts seem to be in good shape so far.

Dr. Fabing: Well Ronnie, it's been an hour and a half since you took the LSD and I've noticed an increasing restlessness in you.

Ronnie: Extreme restlessness. But my thoughts are in good control. I mean, I'm much more confident at this time than I was before.

Dr. Fabing: It's been two hours now since you taken the LSD. Does it seem that that's right?

Ronnie: Yeah, yeah that's...

Dr. Fabing: And there... there's been no distortion of time sense?

Ronnie: No. Of the passage of time.

Dr. Fabing: Well, let's ask you first how your body feels.

Ronnie: It feels fine. There's no uh... no sensations uh, one way or the other.

Dr. Fabing: Now you've been restless. You did a lot of pacing for a while and then you lay down for a while.

Ronnie: Yeah.

Dr. Fabing: Now what can we find out about your mental processes? Have you had any feeling of drifting in and out of the world of reality at all?

Ronnie: Well, uh, no. No I haven't.

Dr. Fabing: It's now 2 and 1/2 hours since you took the LSD. Does that seem right to you?

Ronnie: Yes, it's about right.

Dr. Fabing: And there has been no alteration and distortion of your sense of time?

Ronnie: No, I don't think so.

Dr. Fabing: As much transpired in the last half hour as far as you're concerned?

Ronnie: Well... nothing one way or the other, no.

Dr. Fabing: Now uh, last week you had the very uncomfortable feeling that all of us were indulging in double talk. Uh, is there any of that feeling in you now?

Ronnie: None whatsoever. I... I uh... I think that'd be a sort of a dissociative feeling that I don't have now.

Dr. Fabing: Uh, anything new to report to me at this time?

Ronnie: I don't think there's anything new. It's uh... there's uh, been no real change, I don't think, that I'm aware of.

Dr. Fabing: At uh, three hours last week, I asked you that if you had Aladdin's lamp and could get your most desired wish... you said that you would wish that something could be done to get rid of the nervousness that you had. Would you answer in the same way today?

Ronnie: I'm not sure. I... I uh... I think I'd be more aware of the possibility of such an offer today than I was...

Dr. Fabing: Ronnie, what time does it seem to be?

Ronnie: It's uh, somewhere I'd say uh... about 3:30, 4:00. Something like that.

Dr. Fabing: Now um, in the last half hour we've been sort of having a general discussion on philosophic things, the pitfalls and scientific methods and so on. You seem to be sort of...

Ronnie: I'm with you. I... I followed your conversation.

Dr. Fabing: If you could do exactly what you wanted to do right now, uh, would you be doing anything different than you're doing?

Ronnie: Well I uh... I could be home, if that's what you mean. I could uh, probably be doing something a little more enjoyable.

Dr. Fabing: You know what would be enjoyable in your thinking right now?

Ronnie: I don't know. Being out in... outside. Seems like a nice day out.

Dr. Fabing: All right. We're now at the 5 and 1/2 hour after taking LSD period. You're just telling me outside that this is nothing like it was last week.

Ronnie: It is nothing like it was last week. There... there are some of the same symptoms, and it seems that it... it was ready to happen but it uh, just didn't. It doesn't... I mean uh, when I went to uh, lie down uh, last Saturday, I could have easily sort of been swallowed up. And I was trying to do it uh, then... just now. Just now. And uh, it just didn't happen. That's all.

Dr. Fabing: You said that last week when you lay down and closed your eyes, uh, something closed over your mind.

Ronnie: That's right.

Dr. Fabing: But you can't find that today try as you will. Ronnie, you wrote out your experience after the second episode too. Would you mind reading us part of it?

Ronnie: Not at all. (Reading) ""It was quite similar yet it was so very very different. For the first time, my mind began racing and becoming tangled and eventually swallowing me up despite my efforts. The second time my efforts to fight it off were successful. In one sentence I think it might be summed up rather adequately by saying it was a fight both times, but the second time I won.""

Dr. Fabing: Well, thank you very much.

[SCENE: Lecture / Q&A]

Dr. Fabing: There are probably many questions that you wish answered about this work.

Audience Member 1: Dr. Fabing, what dosage of the blocking agent have you found to be effective?

Dr. Fabing: We have ranged from 10 to 15 to 20 to 30, 50 and 100 mg. There are individual differences. In the lower ranges, the blocking is not necessarily complete, but in the higher ranges it is so invariably.

Audience Member 2: Have you done this on any more subjects, Dr. Fabing?

Dr. Fabing: Yes, eight so far in a double-blind study, and the blocking effect was consistent.

Audience Member 3: Is a week of pre-treatment necessary in all cases?

Dr. Fabing: No, sir. We have already discovered that two days of pre-treatment suffices, and our guess is that it can be shortened even more.

Audience Member 4: Did you say that this drug has clinical application?

Dr. Fabing: Well, time will tell. But we have been quite impressed with our clinical results so far in some cases of acute schizophrenia, some cases of alcoholic hallucinosis, some senile hallucinatory states, and even a few cases of chronic schizophrenia. They represent about 60 cases in all. And furthermore, we are continuing our experimental work with hallucinogenic drugs such as mescaline, cannabis, adrenochrome, etc. Are there any other questions?

Audience Member 5: Yes. Can MER-17 be used intravenously?

Dr. Fabing: Yes, and it's very interesting too.

[SCENE: Third Experiment - LSD-25 Rescue with Intravenous MER-17]

Dr. Fabing: On December the 18th, 1954, Ronnie drank a second 100 gamma of LSD-25 without protection. 4 and 1/2 hours later he was in an almost catatonic state. At that time 10 mg of MER-17 was given intravenously and repeated in 15 minutes. This brought about a complete cessation and dissolution of his LSD-25 psychosis. Look at the picture.

Dr. Fabing: (To Ronnie) I'm right here. Do you feel that you're very close to us in your thinking?

Ronnie: No... no.

Dr. Fabing: Can you tell me anything about what you have been thinking about? Is it too painful to talk about? Ron, how long does it seem to have been since you took the LSD?

Ronnie: Um... couple hours I guess.

Dr. Fabing: Are you upset?

Ronnie: No.

Dr. Fabing: Are you muddled?

Ronnie: Yeah.

Dr. Fabing: Can you tell me anything about your thinking now?

Ronnie: ...

Dr. Fabing: Ron? Can you tell me anything about your thinking now?

Ronnie: I don't understand.

Dr. Fabing: How do you feel?

Ronnie: All right.

Dr. Fabing: Does anything make much sense to you now?

Ronnie: No.

Dr. Fabing: What seems to be the matter?

Ronnie: Nothing.

Dr. Fabing: Can you think? Can you tell me what's going on inside of your head?

Ronnie: ...

Dr. Fabing: Ronnie, are you frightened? Are you fearful?

Ronnie: Yes.

Dr. Fabing: Ron, we're going to give you an injection to see whether it makes you feel any better. I don't suppose you taste anything do you?

Ronnie: ...

Dr. Fabing: Do you feel anything? All right now, about 3 minutes since you took the injection. What can you say about things now?

Ronnie: I don't know...

Dr. Fabing: Do things feel any... seem any clearer to you?

Ronnie: They do. I don't know why.

Dr. Fabing: Can you elaborate on that in any way?

Ronnie: I'm just not as confused.

Dr. Fabing: Now Ron, it's been about 12 minutes since we gave you your injection. Uh, you just said that you feel like you have reality in your grasp and it's waxing and waning.

Ronnie: Okay.

Dr. Fabing: Can you tell me anything more about that?

Ronnie: Maybe I said it's just a reorganization or a... getting things in place again.

Dr. Fabing: Is it a pleasant uh, comeback as it were, or is it disturbing to get things reorganized properly?

Ronnie: No, it's... the more I can, the more it's better.

Dr. Fabing: Bill, we're giving you a second injection about 17 minutes after the first one. (To Ronnie) How are you feeling now?

Ronnie: Um... like I'm waking up from the fever.

Dr. Fabing: Or is... is a pleasant feeling to be waking up from a fever like this?

Ronnie: Well, it's pleasant to be back, I guess.

Dr. Fabing: Bill, is there any change in his blood pressure?

Dr. Bill Hillard: No, his blood pressure and pulse remain essentially the same.

Dr. Fabing: Ronnie, it's been 30 minutes since we gave you the first injection and 15 minutes since we gave you the second one. Now let's try to say how you feel now. I know it's hard.

Ronnie: Well, I haven't... I haven't yet a foundation from which I can speak. I... um...

Dr. Fabing: Do you think you feel differently than you did 30 minutes ago when you walked into this room?

Ronnie: Yes, I guess I do. Very much so.

Dr. Fabing: Now Ronnie, it's been an hour since we gave you your first intravenous injection. I believe things have sort of come back into their proper perspective for you, haven't they?

Ronnie: I think so.

Dr. Fabing: You know, when you were under the LSD you wanted to be in that room alone. You were fearful that uh, there might be some sort of an invasion of your privacy and your integrity. Isn't that right?

Ronnie: Um...

Dr. Fabing: And now that's all cleared up and you've got things straightened away, is that right?

Ronnie: I'm no longer anxiety [ridden] about it.

Dr. Fabing: Mm-hm. Uh, are you your normal self now?

Ronnie: Yes, as nearly as I can tell I am.

Ronnie: (Narrating/Reading final report) You will probably be interested in my uh, subjective reaction to this last experiment. The first and third experiments were similar of course. Complete and insoluble confusion and anxiety reigned, and the knowledge that its cause was a drug was my sole and small reassurance.

One hallucination was that of lying flat on a slowly revolving cloudlike object. There were other similar objects all around, touching gently and revolving in gear. I just rolled slowly down into the depths of this arrangement. Another one I recall is that of a flower bed type of pattern, or perhaps a purposeless pinball machine with the lights arranged in rows and columns. The lights, or flowers, were growing then bursting in irregular fashion—one at the left, then at the center, and so on.

Next occurred the phenomenon that has happened both times I lost, and perhaps I've neglected to mention it previously. Things seemed to clear up and I felt sane, yet I knew I wasn't. I seemed to wake up to a new world. The same situation, same people and environment, and yet everything—that is, my mental state, my life—had been altered. I was a stranger in this world. I could no longer speak to anyone as a person. And that was my state when I was given the shot: bewildered, confused, afraid to say a word till I could be sure of which world I was in.

I realized that what happened to me in those few minutes after the injection has a tremendous significance. Because of this realization I have worked it over often since then, but God help me, I can't tell you a thing. It just happened. There was no crescendo, no fitting together of the pieces, no breaking through the surface. All of a sudden I found myself willing to cooperate, able to follow conversation more easily, just less anxiety ridden. I don't know how or why. I'm sorry, but that's all I can report.",,reviewed
c52019f0-f5cb-572d-b8b8-cf44d1273c4f,1d705cf3-dbb4-5692-a87f-af62cb2dee06,1,Imported page body,,,"[caption id="""" align=""alignnone"" width=""1100""] By 1965, when this recording was made, Joe K. Adams was living in Big Sur, managing the Redwood Lodge campground (pictured above) and contributing to the nascent Esalen community. [/caption]

historical Overview

This is a 1965 audio recording made by Allen Ginsberg on his Uher portable tape recorder, which he had recently bought (apparently with $500 given to him by Bob Dylan, whose concert in San Jose Ginsberg had recored the previous evening). The tone of the discussion is lighthearted and casual; it is clear that Ginsberg and Orlovsky (Ginsberg’s longtime life partner) are friendly with Joe K. Adams and feel comfortable with him. At the same time, however, it also deals with traumatic events and documents a critical juncture in the history of psychedelic science. In the aftermath of an LSD trip late in 1960, Adams had experienced a months-long manic episode (he describes it as being ""high as a kite for months""). Here, he describes delusions involving Cold War paranoia—believing the hospital staff during his involuntary institutionalization were operating on ""Russian and US shifts,” for instance.

The Texas-born psychologist Joe K. Adams was a former chair of the Bryn Mawr College Psychology Department, Stanford academic, and a key researcher at the Mental Research Institute (MRI) in Palo Alto. Adams serves here as a bridge between the psychedelic science of the 1950s and the emerging counterculture.

There are many interesting clues here for further research. For instance, the tape transcript below contains Adams’ references to Dr. Charles Savage (a former naval psychiatrist who worked on both Project CHATTER and the MRI psychedelic therapy trials) and Dr. Karl Bowman, longtime director of the Langley Porter Institute in San Francisco. Savage was a pioneer in using LSD to treat depression and alcoholism; his presence in the conversation — not long after discussion of Ginsberg’s suspicion that the MRI’s psychedelic research was “involved with the Korean War somehow” — is a demonstration of the complex entanglements between military and civilian psychedelic research in the 1950s. The tape is also a fascinating early example of how the 1960s counterculture was beginning to rethink those entanglements. For instance, Adams discusses the harassment of Dr. Karl Bowman, who had been lead author of the 1944 ""LaGuardia Committee Report"" (The Marijuana Problem in the City of New York), which contradicted claims that cannabis was inherently dangerous. Adams’ revelation that Bowman was being ""hounded"" by agents foreshadowed the War on Drugs that would emerge as a Nixonian political objective in the late 1960s.

What I find most interesting about this tape, though, is the inversion of the doctor-patient dynamic. In 1959, Joe K. Adams had been a Stanford psychiatrist administering an experimental compound to a 32-year-old Allen Ginsberg in a clinical setting; Adams had even, apparently made tape recordings of Ginsberg’s trip. By the time of this recording in 1965, however, it is Adams who is being recorded by his former patient — as Adams describes his final break with the field of psychiatry as well as a break with the fabric of reality itself.

– Benjamin Breen (December, 2025)

partial TRANSCRIPT of the tape

[start of tape]

JOE K. ADAMS: Oh, it's recording now, huh?

ALLEN GINSBERG: Yeah.

ADAMS: Oh, I see.

GINSBERG: — they said he was bugged by the police. [laughs]

ADAMS: Now, where is this made?

GINSBERG: West Germany

ADAMS: Martel? I never heard of it.

GINSBERG: That's, I guess, a Los Angeles Company — an American distributor.

ADAMS: Oh, I see. So the, actually the manufacturer's name is your… Huh. Well, so, now, how can you tell, you know, whether it's recording or not? By this?

GINSBERG: Well, I have the recording —.

ADAMS: Whether It'S actually picking up now.

GINSBERG: Yes, if I. But if I turn it a little bit louder and keep talking, then it'll go all the way too far. So I have to keep it down below the zero to keep it at the proper temperature, the proper level sound.

ADAMS: Can we, Ccn we play back now?

PETER ORLOVSKY: Bob Dylan gave Allen $500 to buy it.

ADAMS: Bob Dylan gave —?

[jumping forward now to 29:32 of the tape, where the conversation moves from cannabis laws to psychedelics]

ADAMS: It is legal in India? What other countries?

GINSBERG: It’s sort of half legal in Morocco.

GINSBERG: The World Health Organization [indecipherable]. That they made it illegal and … [indecipherable] You say that it's mainly it was made illegal in North Africa largely because of his activities [indecipherable]… Actually the whole marijuana menace is his intervention at that one time —

ADAMS: Really? Well, when did he start?

GINSBERG: [indecipherable] Hoover and FDR [indecipherable].

ADAMS: So he's the one that built up all the hullabaloo in New York City and stuff about the marijuana menace. [Note: the tape is very indistinct here but given the context, they appear to be discussing Harry J. Anslinger]. Did you tell me that that report the LaGuardia Commission was going to be reprinted?

GINSBERG: It's on sale.

ADAMS: Oh, it is?

GINSBERG: It's reprinted by a local lawyer here.

ORLOVSKY: Yeah. Paperback.

ADAMS: Oh, really? I must get a copy.

GINSBERG: He also has a whole bunch of reprints of a whole bunch of legal — His legal briefs on the subject Challenging the constitutionality of the law which he quotes an enormous amount of — [indecipherable] He reprinted that which he uses as material. There's a book coming out by Bob Farrell, called the marijuana papers… [indecipherable] A lot… [indecipherable] Bowman.

ADAMS: Oh, Karl Bowman, yeah.

GINSBERG: He was one of the major people that worked on this.

ADAMS: I know he was. Yeah.

GINSBERG: Did you ever meet him?

ADAMS: No —

GINSBERG: What's his story?

ADAMS: — but, uh, you know, Charles Savage, who was on our project told me that Bowman told him that he had been hounded, ever since that report.

GINSBERG: By who?

ADAMS: Oh, by the agents. He'd been harassed. And so far I don't think he's ever written — I mean, I don't know, but I thought that was extremely interesting.

ORLOVSKY: Harassed in what way?

ADAMS: I don't know, but sort of the way you were, maybe. Oh, there, there are ways. There are always ways of being harassed by groups of law enforcement agencies.

GINSBERG: Who was he?

ADAMS: Well, this was Charles Savage… he’s a very distinguished psychoanalyst. He was on our project in Palo Alto [the Mental Research Institute. He's now, he's now in the East, New Jersey.

GINSBERG: You know him well?

ADAMS: Yes, I knew him pretty well. Savage, he was one of the pioneers in this country with LSD. He's a tremendously learned person. He knows so much about biochemistry. He knows, I think, uh Savage was the person that I felt knew the most about the history of LSD in this country and in Germany too, and the whole picture of the biochemistry and so forth.

GINSBERG: What did he think about it?

ADAMS: Well,he was, uh, he felt that it was potentially a tremendous boon. But — he drew early in our research, he drew a curve that I thought was very interesting. That so often you get this tremendous improvement in the person and then there's a gradual [decline?]. The person comes back to maybe a little bit above what he was before. See, I think, I think this is because of society. Society does not allow you to be…. fully human. [35:00] And I, of course, I told you after my own reaction, this was my reaction that now I was free and I was healthy and — here were these, sort of, zombie like people who were not allowing me to be fully human and fully healthy. Of course I was high. I was just high as a kite for months.

GINSBERG: What were you on?

ADAMS: Nothing. I wasn't taking anything. And I was such a pain in the neck to so many people. And the people who had known me were just appalled. But some people who hadn't known me before thought I was a lot of fun. I was very different from the way I am now. This was before I blew up and had to go to the hospital. I was, oh, I was doing all kinds of things, but I wasn't doing much work in the sense of [chuckles], you know, careful, methodical research. This was, ah — do you remember when you took LSD?

GINSBERG: Yeah.

ADAMS: When?

GINSBERG: ‘59.

ADAMS: Oh I know, but I mean, you remember what month?

GINSBERG: It was in July. July.

ADAMS: Well, see, it was in January [of 1960] that I had my reaction. And I was high. For Months. Many months. Yeah it was the following January. You were in the east at that time. It was too bad, you know, I could have talked to you because I'm sure you would have been very interested in changing me. You could have had a lot of, you know, a lot of fun talk. I think you would have enjoyed the…

GINSBERG: You might have scared me [laughs]

ADAMS: … enjoyed that flow.

GINSBERG: What were you talking mainly about?

ADAMS: Oh, [chuckles] I would sit down and I'd write long letters to, you know, important people. I kept trying to get through to very important people. And I had all kinds of solutions for everything. Some of them are, you know, I did have something, but it was so… scattered. Of course, I've written since. I've written and had them published. But my writing is as much, of course, toned down [from] the sort of thing I was writing.

GINSBERG: What made you get [placed] in the asylum?

ADAMS: Well I told you, I blew — I really went completely berserk. I was, I was really crazy. And, uh, I took my clothes off and started running down the driveway.

GINSBERG: Here?

ADAMS: No, no. It was in Menlo Park

GINSBERG: Oh in Menlo Park?! [laughs]

ADAMS: A nice, nice suburban neighborhood, and I was intercepted by a psychiatrist who my wife had called.

GINSBERG: Which one?

ADAMS: Well, the one I had seen. See, when I Was — I was forced into psychotherapy when I was in this manic-y, elated phase.

GINSBERG: How did he [handle it]?

ADAMS: And, well, he got me back in the house and then he left me alone. And then three uniformed men came and tied me down on a stretcher and carried me out and put me in an ambulance. And the ambulance had a siren and it took me to the mental hospital. It was very dramatic. And there were the neighbors standing around watching. I told you this!

GINSBERG: [Indecipherable] Karma chakra, psychiatry. It's like the acme of the image going wrong.

ADAMS: And, you know, I thought maybe I had died and this was what it was like to die. You died and you really did keep on living. And this was hell. Then I thought, God — I had to be tied down for almost wo weeks.

ORLOVSKY: Why?

ADAMS: I hallucinated. I barked like a dog and tried to chew the restraining straps. I chewed them half in two. So I was — oh, they said I was the craziest patient that ever had there.

ORLOVSKY: What finally happened to you? Came down?

ADAMS: Well, eventually, you know, I passed through that phase. And then, of course, I knew how to get out of the hospital —

ORLOVSKY: How?

ADAMS: I was just very nicely cooperative.

[40:00]

ORLOVSKY: You told them what they wanted to hear?

ADAMS: Well, I was, I don't know that I did that, but I just behaved myself, see? And this is the way to get out of mental institutions. No matter how you've been treated: just behave Yourself. [reflective] But I… I tried to escape there. I ran out, ran out and tried to climb over a fence and I yelled out, this is not a hospital. Two aids ran out and brought me back.

GINSBERG: So you yelled this is not a hospital [indecipherable]

ADAMS: [laughing] Well, see, I thought that there were two shifts of aids. And I thought there was a US shift and a Russian shift.

[GINSBERG laughs]

ADAMS: It was a big experiment of some kind. And I was a guinea and the whole place, I thought the whole place had microphones in it. And, oh, well… it was very complex.

GINSBERG [interested]: What led you up to that? You know, very oddly, when the first time I took LSD with you, I suspected that you were a Russian agent.

[ADAMS laughs]

GINSBERG: Remember? Remember that I mentioned that? That I thought it was a Russian plot?

ADAMS: No… no, I didn't remember that. Thats – huh.

GINSBERG: Or I knew it was involved with Korean War somehow.

ADAMS: But Peter, you know, he thought that it had something to do with Hitler. You know that there was a button that might be pressed, and the whole world would be bombed. You remember? You said, you know, you said while you were under the drug. You said, hey, this has a lot to do with life, doesn't it? Or something like that. This is real life. And then you told me you had this Hitler fantasy. But —

ORLOVSKY: I remember when I went out to go to the bathroom, from that soundproof room, on my way to the bathroom I passed a lab, where they had a lot of people working with test tubes and stuff. And they had my stomach in there already, you know, I was just going to the bathroom and when I urinated, left the bathroom, it was all going back through the laboratory [laughing] … Back into the laboratory to work on.

GINSBERG: But how do you ever build up things on the [indecipherable]

ADAMS: How did I?

GINSBERG: My mother… had that. Where she got that or how.

ADAMS: Well, I don't know. I, I, I think that when you, you know, when you're in a condition where you can't, you just, you can't, you can't control your thoughts and you can't check things out. You can't think at all logically. It's just strictly an impression of the moment. Then, of course, anything that you've ever heard of can become part of the way you see things.

GINSBERG: What knocks out the faculty?

ADAMS: Well, I don't know. I have just, it seems to me that we have somehow we each have a cognitive structure. When you break that up and it's so catastrophic, you start so much going that it just goes on and on. It's like, you know, it's like an electrical network that somehow gets all bound up. It has to run its course — and, uh, you can be in states where you're strictly at the mercy of your momentary feelings, what appears at the moment. So if someone looks the way maybe you think a Russian spy looks, well, then as far as you're concerned, he is a Russian spy. Okay? [chuckling]

ORLOVSKY: Is there any way, any way to combat this? Once you recognize it when it happens?

ADAMS: Well oh yes, if you're ever in such a state, you'll know it, as it’s —

ORLOVSKY: Is there any way to combat It?

ADAMS: — it’s so different from your previous states of consciousness?

ORLOVSKY: Is there any way to combat it, to recognize these illusions?

ADAMS: Well, I think that I — I mean, I know what I would do iif I were in that condition again. I'd try to get somebody who would just come and just stay with me and let the thing run its course and just see that nothing bad happened.

ORLOVSKY: The Tibetan book of the deck keeps saying that you should realize that all these emanations come from your own head and that if — under LSD, I've had those hallucinations of policemen and been paranoid. I've always told myself that this is all my own.

ADAMS: Yeah, well, sure, it's all your own, but you still, unless you, you know, if you're in that Condition, you do need somebody around.

ORLOVSKY: Well, that's why think of a guru. They tell you to think of a Guru, of the Buddhas, the Compassionate Buddha. And think of that image in your head and retain that.

ADAMS: See, it's a lot more disturbing when you haven't taken a drug. If you're taking a drug that's supposed to do something like that to you, then you can always console yourself with the thought. Well, this is a drug. But if you haven't taken any drug and this happens, then how do you know you're still there when it will wear off?

ORLOVSKY: Was it like LSD?

ADAMS: Oh, it's wilder. Well, the sort of thing. Oh, Lord. I just. I had. When I was tied down, I was hallucinating and I had these archetypal figures. There was an old face, a kind of rubbery like face, but ancient thing with a beak like a bird. Then there was a thing like a tiger. I described these to Gerald Heard, he said, you know, you're the first person who described the three archetypes that you're supposed to have. I've forgotten what he — how he identified them, but I didn't know that these were three you were supposed to have.

ORLOVSKY: Do you take LSD now after that thing?

ADAMS: No, no, but I, Well, the main reason I don't is just that I don't you know, I'm so concerned about Redwood Lodge — doing what I have to do. But certainly I might take LSD again.

[excerpt ends at 47:15]",,reviewed
905f8da0-0bd9-54b0-94ee-489ff96b806d,cd7298eb-bfb7-5421-ae16-f27d2ee07fc7,1,Imported page body,,,"LSD mm September 23,1954

Preliminary LSD memo

1  [crossed-out text] Problems of Consc ousness Princeton 1954
2      presented Caligor to Problems of Consciousness, Abrahamson interested,
3      he had asked me how to get candidates for experimentation from low
4      income groups the year before  I suggested Father Divine's angels,
5  Only other knowledge of the drug was a brief conversation with Arnold Meadow
6      before he got his dissertation. He said it was a drug which induced a
7      psychosis. Abrahamson telephoned and proposed collaboration with Caligor.
8  June 6,1954    Met Ralph Blum, through Cathy, told he had been working on Russian
9      films, extraordinary speed of communication, he claimed due to LSD. Got interested
10     in possibility of it's being a speed short cut.
11 June 8,left for San F. Anthropology and Education conference, presented speed pt.
12 June 14, stayed with M. Erickson, read Huxley Doors of Perception, very bored with
13     pts. Talked over drugs and his Cooper speed pt. Betty Alice produced Life article.
14 June 16, lunch with Booth, casual discussion, he mentioned my earlier refusal to
15     take Mescal, said I'd said it while we were going somewhere in a taxi, must have
16     have been early 40's. Then it turned out he HAD taken mescal in experiments in
17     Germany, and thought he owed much of his insight to it. Began to evelope idea of
18     who should and who shouldn't take it. Discussed whate evidence he had.
19     Cocktails with Leo Rosten. HE mentioned he was having an article on HOW IT FEELS TO
20     BE INSANE presenting it as insight giving to sane doctors who could now experience
21     waht their patients experienced. I mentioned possibility of uncontrolled use,
22     Ericksons said people had been writing Huxley.
23     [crossed-out text]
24 August 16 preseted Toronto paper, mentioning speed and drugs in discussion, and
25     also mentioned it at lunch with Hargreaves and FPS
26     Read Edith's paper for CRM book (MM and MW) and became more interested in polarization
27     between actuality adjustment and phtanasy. a point I'd made to her earlier in working
28     over some stage of her manuscript.
29 September 15, first session with Abrahamson, his two young men, Murrey E. Jarvok and
30     Conan Kornetsky (US PH had been at Lexington working with drugs, interested in pain,
31     Caligor also went. Had dinner, talked, saw Siamese fighting fish under drugs, heard
32     a record in which a subject (a chemist working with Abrahamson,) had felt he was a
33     a ""bump on a log"". Learned its non-addictive character. Asked if I'd take it,
34     said not sure. Explored ""truth aspects2, and ecided it is not a ""truth drug"".
35 September 18, wrote Bali chapter and after rereading all my old stuff on the drama and
36     arts decided Balinese held to actuality by participation in the theatrical process.
37     New possibility for LDS - away from mysticism and escape.
38         Dreams during this week, two new characteristics, objects in
39         dreams appeared to have a liquid quality, serving in brightness
40         of surface, which after
41 Sept 20... Conversation with Richard L. Davis on models for open ended systems, walls
42         and ceiling ""go by each other"", Mondrian goes around corners,
43 Sept. 20 luncheon conversation with RM telling her about Mondrian model and suggesting
44         possibility of needing to turn a corner( of canvas) or road, if we are to have
45         built in openedness that is built into the system and not just into the culture,
46         She then recalled her ""turned corners"" in report on French, using Levy Straus
47         RCC after her return from Haiti, 1950(?). Could do no more with point.
48 Sept.20   second conversation with Richard, more about Mies van der Rohe, ( architect who
49         did I.I.T. in Chicago, corners have a piece out, giving the flying past each
50         each other effect) this was mentioned last nigt) and more about renaissance buildin
51         being a closed system, done on 3 which gives a center as compared with 2-4-8-.
52         Told him some bits about Aspects of form, Symmetry, etc.
53         Dreams now included extensions of any object out into space,
54         using liquidness as a way of pulling the end of table out into

[end of page 1]

LSD -25, Sept.23,1954 p.2.    mm

1      coming to the conclusion that I would try the drug, especially after
2      reading Abrahamson's third paper, a case of removing fear of homosex. in
3      one theapeutic 4 hour session.
4  September 22. Second LDS session, present as before plus two female subjects,
5      Schwartz - old subject, and Weltman ( one before 25). and John Eberhardt
6      as an interested observer. (I had been talking to Jarvik about it. I asked
7      him). Both given Caligors before, then had dinner, and did Caligor's
8      again with same O.I. drawing( this was suggested to me by Abrahamson
9      after Sept.22, I called Caligor, he agreed). Then Caligor got Koretsky to
10     to a TAT type interrogation on them. (This I havent seen yet) Saw the
11     drawing before, though Schwartz, potentially sick, paranoid and stiff,
12     Weltman probably a dancer, or interested in body rythms, and not sick.
13     No comments from anyone.
14     During evening both girls around( I had dinner early with Abrahamson, hiw sec.
15     who in a state of giggles from another drug, her husband and Kornetsky.
16     Jarvik, the 2 subj cts Caligor and the Polish named chemist had dinner
17     later. Orig. plan had been one placebo, but changed to be sure enough of
18     interest, with Eberhardt coming too, so we had one experienced subject,
19     and one with second increased doe.
20     Schwartz - giggling uncontrollably and meaningingly, short bursts, no depth,
21     reported sense of focussing on one person then others would blendinto
22     a circle, seemed farway(? Jarvik), yes, when in groups had felt this way,
23     distantiated, not realy listening. Stiffness in face, made gestures of
24     opening mouth, stretching face oddly. When questioned eyes would slew about.
25     Reported drugs was going away, was back. Reported no affect to drug, had
26     it so often. Questioned me about my trip, had been an anthro major, said
27     difficult to concentrate, but did.
28     Weltman, gracefuldark little German Jewish girl, neurological secretary in a
29     studying to be an opera singer with an Italian who feels everything starts
30     with soul, never mentions body, soul must grow and voice come out. Wants
31     to BE this, but wonders it its wrong to try to be a dead and gone culture,
32     feels teacher is right ""soul is a little material thing for the voice to
33     cling to, likes her job but feels that the people given shock aren't really
34     psychotic, talks to them when acting as assistant and feels contact with
35     them. Maybe the doctors wouldn't like this. Wants to be a singer, but would
36     not sing under LST. Is concerned with keeping control, will keep it, brought
37     up rigid German, her parents now know better, look what happened, she likes
38     Eastern European Jews. (gestures become more Jewish after excursions away in
39     talking. Asked about Caligor, no disturbance of precision"" I drew well,
40     I never draw, isn't it a pity - we often confuse ends and means... I get
41     so interested in other things during the way. (All this in an interview
42     out in the hall, alone with me, had wanted to get out, felt nauseated( no
43     fear of vomiting), stiffness in chest, ( she thought what everyone had
44     boys said not), dryness of throat, stiff neck, misery, fear of laughing,
45     had laughed a lot before..xxxxx
46     3 conversations with her, first in group people sitting around, she reported
47     no distortion of vision, auditory distortion, own voice too loud, people
48     distant, harmonization of voices not attened to, sense of need for more
49     control.

[end of page 2]

LSD -25   Sept.23,1954 p.3.    mm

                         right after
1  Then second Caligor given, and in this interval I took John in for a chat about
2  a proposal to Have Francis Hsu work at Rockland, we went on to Talk about Manus,
3  Weltman came in, wanted to ask me about music, which she had started just
4  as I went in with John. We went on to a conversation about Manus, what was
5      their music - I said couldn't realy discuss, but did Boola song, by this time
6  Schwartz had joined us and when questioned, sang boola song. Group now Weltman,
7  Schwartz Caligor, Kornetsky (? Jarvok). [crossed-out text] Then I said Manus beautiful
8  in action described a canoe crew, paddle tiller, 3 men to sail, she watched my
9      my hands. Then asked me to speak some Manus, and when I translated, began to
10 pick out words, picked I, and speak ( I said Jo pa ku panangau Manus), and
11 said she pikced them because like Italian and Portuguese), then I did more sentence
12     and she withdrew from game, so I dn't place any. Then we talked [crossed-out text] about
13 PE, here she was very cautious, withdrew from inuitive guessing. Then asked
14 by Jarvok, any differences, reported slowness of perception gap between word
15 image, normally would have seen canoe at once when I talked, I said she had
16 watched my hands:I then asked what kind of sail, she said oh, like an American
17 sail( started to sketch in order thre sides American sail O and said very
18 suddenly - 4x ""Four sides"". and added "" not white, more like colour of your
19 dress"" ( pale brown. Argument with secretary's husband who was now in room,
20 about sails, all were 4 sided, but later after hall interview, showed she thought
21 normally of three sides, but returned stubbornly to a non-existent type of
22 four sided American sail.
23     Periodically, all through, leaned over with her head on her knees hands over
24 head- to keep from starting to laugh and control nausea- Said she wanted to go
25 home - this was just an introspective report. Disliked it very much, preoccupied
26 with control; Told me in hall that she had drawn waterfront type and a sailor.
27     (ADD to sequence. luhnch with Felicia Sax and her story of patiency - truck
28 driver homosex. and his postural and voice identification with his mother when
29 come out of swimming. FS did it oy oy, breathing, and I could run right on
30 with the associations - what I did for you, my breast, etc.)
31 End of session about 11( had begun at 6, and as I was dead tired at five I
32     gone to LJ's and had two stiff Scotches before dinner, just picked me up.)
33 Discussed next plan,  Caligor's would be blind evaluated, studied, then
34     back to Abrahamson group, there would be written up.
35 Home w th Caligor, taxi and coffe at 51st street, he very jubilant over
37     confirmation of his diagnostic point, differentiating psychsis, thinks the
38     does not produce psychoses but only exaggerates main tendencies towards
39     control, disintegration, etc. This agrees with Abrahmson. Caligor interested
40     in widening horizons, changing therapy so available, changing society,
41     thinks theory has outstripped practice, any therapy if good is good therapy,
42     need the level of craftsmanship, espec ally prognosis for therapy by tests,
43     said our society getting sicker, I argued no, more troubles - broken heart,
44     relihion, politics, etc being so claffied.

[end of page 3]

LSD - mm Sept.25,1954

1    letter to R.Blum yesterday.
2    Note that I am tending to label any new or good ideas as associated
3        with the project because I am watching my dreams and my dreams
4        are being theoretical y fertile at the moment.
5    Last two days dreams having been playing elusively with closed and
6    open systems, just snatched, I'd wake and say ""that's why its
7    hard to get rid of the bones. Suddenly realised that the pt about
8    reincarnation, appearance of ancestors in ccs etc. is that in
9    the problem of closed and open systems is ofcourse the dead.
10   Iatmul, if people didn't die the villages would be choked with
11   faeces. The threat to the open endedness of the Manus system is
12   the graveyard, and the reason there are always ancestral ghosts
13   in ccs is the point of extreme transition, standing between old an
14   new, past and future, then you [have] an overcrowding of ghosts, and or
15   bones - (Bali is always obsessed by the balance pt, what to do
16   with the body, and this explains WHY that getting rid of the body
17   is so crucial, its the break in the closed system - unaccounted
18   for matter)... Soviet put you in the RED WALL before you break up
19   the system and it has to kill you - storage pts in the system.
20   Part of the growth point of Christianity as Protestantism was
21   breaking the med. closed system of unborn souls, and heaven which
22   at any moment could have closed comp etely, and in a sense had.
23   This to be investigated.
24
24   Pt about the turn in the road, ( see earlier notes on Sept.20
25   and 21) is to introduce the sense of an open system into the
26   very closed system of th French. This can be done in the arts
27   but less easily in the sciences, because of the personal
28   uniqueness of each artistic production, each performance etc.
29   Same function performed by ""deurong terang""in Bali

Historical context for Margaret Mead's LSD Memo

The document presented here--a confidential memorandum by the brilliant cultural anthropologist Margaret Mead, dated to September 1954--challenges the conventional chronology of the psychedelic era. Written nine years before Timothy Leary's firing from Harvard and more than a decade before the Summer of Love, this memo captures anthropologist Margaret Mead in the midst of a private, rigorously intellectual negotiation with the concept of expanded consciousness. It documents her preparation for an experimental LSD session with Dr. Harold Abramson, a CIA-funded allergist who became a central node in the U.S. government's covert MKULTRA program.

To understand this document, one must look beyond the counterculture of the 1960s: the hydrogen bomb, the rise of cybernetics, and Mead's urgent quest to understand how cultures--and human minds--change under pressure.

Overview
The intellectual momentum for this memo began in 1953, when Mead returned to the Admiralty Islands (Manus) for the first time since 1928. She was there to study a phenomenon she called ""the Noise,"" a localized, apocalyptic cargo cult that had swept through the islands following World War II. The Manus people had thrown their old possessions into the sea, radically breaking with tradition to embrace a perceived modern utopia.

Mead was fascinated by this ""complete destruction of the past,"" as she called it (opinions differ on how complete this really was, and how well Mead understood the phenomenon -- for an alternative take by one of Mead's former students, see Theodore Schwartz and Michael French Smith, Like Fire: the Paliau Movement and Millenarianism in Melanesia, published by ANU Press in 2021). She saw it not as madness, but as a high-speed evolutionary jump, almost a form of cultural mutation. Throughout 1953 and 1954, as she drafted her book New Lives for Old: Cultural Transformation--Manus, 1928-1953 (published 1956), she began to draw parallels between this rapid cultural shift and the rapid psychological shifts reported by subjects under LSD.

In the concluding sections of New Lives for Old--which she was writing in the same period of time as this memo--Mead explicitly links these two phenomena. She speculated that ""drugs, such as mescal or LSD,"" might serve as tools to induce ""conversion experiences"": cognitive ruptures that could allow individuals to break free from rigid, outdated patterns of thought, much like the Manus had broken from their ancestors.

The memo is also a product of the ""Problems of Consciousness"" conferences (1950-1954), funded by the Josiah Macy Jr. Foundation. These conferences, which Mead chaired and Abramson attended, were the one of the crucibles of the Cybernetics movement. The participants were obsessed with ""feedback loops"" and the distinction between ""closed"" and ""open"" systems.

In the memo, Mead uses the LSD experience to visualize these abstract concepts. She references the architecture of Mies van der Rohe and the paintings of Piet Mondrian to describe an ""open system""--a structure where the corners are not sealed, allowing for movement and evolution. She contrasts this with the ""Red Wall"" of Soviet communism, which she views as the ultimate ""closed system""--a totalitarian dead-end where information cannot circulate.

Thus, for Mead, LSD was not an escape from reality, but a ""speed short cut"" (Memo, Line 10) to solving the central problem of the Cold War: How can democratic citizens maintain ""open"" minds in an era of rigid ideological polarization?

The Abramson Connection
The presence here of Dr. Harold Abramson (misspelled by Mead as ""Abrahamson"") is of significant historical interest. Abramson was not merely a researcher; he was a cleared contractor for the CIA's MKULTRA project. Abramson's lab at Mount Sinai Hospital and his Cold Spring Harbor facility were sites where the therapeutic promise of LSD was inextricably bound up with the Cold War search for a ""truth drug"" (referenced on page 1 of the memo) and an applied science of the mind which could contribute to strategic imperatives of the 1950s United States.

Mead's collaboration with Abramson, who she had first met during World War II and who participated with her in the Macy Conference ""cybernetics"" conferences, demonstrates the degree to which the early psychedelic movement was embedded within the emerging national security state of the early Cold War.

On the other hand, this striking, evocative, and complex document also stands as a testament to a far more hopeful ""lost future"" of psychedelics. An alternative timeline is visible here wherein it was Margaret Mead and other anthropologists and cybernetics-minded scientists of the 1950s -- and not Timothy Leary and psychologists of the 1960s -- who led the vanguard of a psychedelic era. It captures Margaret Mead at the height of her powers, idiosyncratic, relentlessly curious, and intellectually wide-ranging--but also entering one of the most morally compromising and complex periods of an eventful life.

-- Benjamin Breen (2025)",,reviewed
f154b3d3-ecb9-548f-a451-45f48723e000,9b1c99a3-dc29-5738-b846-2ac0d23c42e5,1,Imported page body,,,"Background: TK

Complete transcript

The statement is generally made that the extract of Cannabis Indica (flowers of the Indian hemp whose leaves and resin furnish hashish) causes time and space to be greatly lengthened in consciousness. Wishing to know what is meant by these statements I obtained the prescription:

Rx. Ex. Cannabis Indicae 1 oz. Alcohol. (P. & Co.) M. Liq. Alcoholic solution of extract of Cannabis Indica. One drachm contains three grains. Commencing dose ten drops xxxi m. one-quarter grain of the extract.

One evening I took ten drops as prescribed. No effects were noticed for over 45 minutes. Concluding that the dose was not strong enough I gave up the experiment for that occasion and drank a mug of beer preparatory to retiring. The narcotic action of the hops probably assisted in bringing on the effects of the dose. It is to be noted that my consciousness is very susceptible to the influence of narcotics.

For over an hour and a half, till final sleep occurred, and in a lesser degree throughout the next day, several important changes in mental life were observed. The most striking was the fluctuation of attention. The ex-perimeters of Lange (Philos. Studien, IV, 390 and of Eekeuten, Pape and Marbe (Philos. Stud., VIII, 343, 388, 615) have demonstrated the phenomenon as a normal condition for weak stimuli. For example, the faint ticking of a watch is alternately lost and heard. It holds good also of stronger sensations; the ticking of a clock, although loud, will vary in its apparent intensity. The intense fluctuations under the influence of hemp can be illustrated by the following case which occurred several times. A horse car is heard approaching; shortly afterward I find that the sound enters anew into consciousness; again it enters anew, and this is repeated through all the phases of approach, passage and retreat of the car. While listening to the sound, it somehow slips away, just as in Lange’s experiment, I had rather say a while. In describing the phenomenon it is evident: that the sound is heard, dies away, is heard again all that is known in consciousness is the repeated entrance of the sound and the memory of the fact that it had been lost out of view a moment before.

The next most striking phenomenon was the remote-ness of objects in their relation to myself. After the phenomenon had begun to be noticeable I wrote down on the spot the condition I found myself in. The words are: “Events seem more distant in feeling of subjectivity—events happened seem to have happened in time remotely related to the observer—apparently the time seems quite remote—yet after all it is not really longer than the usual time. Events slip into a less personal, yet not further away. My feet on a chair in front do not seem so close to me, but my legs are not longer.” I could estimate a period of five minutes quite correctly; I could touch objects without any noticeable error of estimation. Yet events of five minutes ago belonged to the past and objects on the table beside me seemed scarcely to be there for me to touch them. During the following day I or a trial one hundredth that a minute after seeing a place seven objects, no event might as well have occurred on the previous day.

All these phenomena, in a minor degree, I have frequently observed when depressed by dull weather or by fatigue. On those occasions and under the influence of hemp there seems to be a partial loss of power of volition in general. This, I think, gives the key note to the phenomenon noticed. Holding a sensation bodily under attention requires an effort, in fact, even when the sensation is strictly attended to, it unquestionably undergoes continual fluctuations of consciousness. Attention, even in its simplest form, the so-called involuntary attention, includes an element of subjective reaction to the sensation; it is a phenomenon of will in its simplest stage. This decrease of will power, or reacting power, would render the fluctuations of attention greater. The remoteness in time seems to depend on the weakness of attention. As already stated, the actual time does not seem longer; events are as correctly localized in time as in space. But whenever a memory of a past event, even though it occurred only a minute ago, is called up, it seems to belong to the distant past. Memories are remoter the fainter they are. The calling up of a memory requires an act of voluntary or involuntary attention. Any weakness of will would tend to produce a weaker—and thus remoter—memory. Since weak low that memories grow fainter as the time elapsed is longer, an over-estimation of the past is natural.

The remoteness of objects in space is due to a conscious or unconscious estimate of the effort necessary to reach them. When the effort is more difficult, as with fatigue, hemp, etc., its amount will be over-estimated; objects will appear remoter than otherwise although our previous knowledge of their space-relations prevents any distortion of space itself.

The drug finally produced faint illusions, chiefly ceiling as decorated with colored designs, and finally sleep. It is noteworthy that the progress of the drug took place in stages, there being a continual fluctuation between loss and recovery of power.

The conclusion seems to be that among the earlier phenomena produced by Cannabis Indica the most prominent is a diminution of the power of subjective retention in sensations, or as a decrease of primitive volition. This leads to an incapacity for both involuntary and voluntary attention whereby sensations are dropped out of consciousness for intervals of time. The loss of power of attention also affects the memories, making them much weaker; this leads to an over-estimation of the remoteness of past events although time is not directly over-estimated. The decrease of volitional power leads to an over estimation of the remoteness of objects from the person, since to reach them would require more effort than usual.

Finally, let me suggest some lines of experiment to be performed before and during the influence of hemp: 1st. the rate of voluntary tapping to test the effect on simple voluntary movements; 2nd. graphic records of the time of fluctuation of some sound, to determine the periods of fluctuation of attention; 3rd. estimation and record of one second of time; 4th. experiments on will-time. Owing to a disagreeable after-effect of the drug on my organism I shall probably be precluded, for some time, from carrying out these experiments myself.",,reviewed
485e3a93-a47d-5267-b9cf-7a753c7cd43a,12f1e602-bc11-5861-9424-61766b55fc2d,1,Imported page body,,,"Background: Ludlow, the son of a prominent Abolitionist minister in New York, became best known through this book which chronicles his mind-altering experiences with cannabis alongside his philosophical ruminations while under the influence. The work is often compared to Thomas De Quincey's Confessions of an English Opium-Eater due to its detailed depiction of the author's opium addiction and his candid discussion of altered states of consciousness experienced with cannabis use.

The Hasheesh Eater is notable not just for its vivid portrayals of Ludlow’s experiences, but also for its influence on the public's perception of cannabis. The book generated significant public curiosity about hashish that led to the formation of private “hashish clubs” in the United States and beyond. Ludlow's work faded into relative obscurity until the 1960s, when it was rediscovered by the counterculture movement. Ludlow’s account drew on the inspiration of the Romantic movement of the late 18th and early 19th centuries. It also reflected the broader nineteenth-century American fascination with exploration — not just of physical frontiers but also of mental ones. His premature death at the age of 34 was caused by a combination of pneumonia and the effects of poly-drug abuse, particularly his longstanding addiction to opiates.

partial excerpt

(from pages 18-26)

The remainder of my morning's visit in the sanctum was spent in consulting the Dispensatory under the title “Cannabis Indica.” The sum of my discoveries there may be found, with much additional information, in that invaluable popular work, Johnston’s Chemistry of Common Life. This being universally accessible, I will allude no further to the result of that morning’s researches than to mention the three following conclusions to which I came.

First, the doctor was both right and wrong; right, inasmuch as a sufficiently large dose of the drug, if it could be retained in the stomach, would produce death, like any other narcotic, and the ultimate effect of its habitual use had always proved highly injurious to mind and body; wrong, since moderate doses of it were never immediately deadly, and many millions of people daily employed it as an indulgence similarly to opium. Second, it was the hashheesh referred to by Eastern travelers, and the subject of a most graphic chapter from the pen of Bayard Taylor, which months before had moved me powerfully to curiosity and admiration. Third, I would add it to the list of my former experiments.

In pursuance of this last determination, I waited till my friend was out of sight, that I might not terrify him by that which he considered a suicidal venture, and then quietly unpacking my little archer a second time, removed from his store of offensive armor a pill sufficient to balance the ten grain weight of the sanctorial scales. This, upon the authority of Pereira and the Dispensatory, I swallowed without a tremor as to the danger of the result.

Making all due allowance for the fact that I had not taken my hasheesh bolus fasting, I ought to experience its effects within the next four hours. That time elapsed without bringing the shadow of a phenomenon. It was plain that my dose had been insufficient.

For the sake of observing the most conservative prudence, I suffered several days to go by without a repetition of the experiment, and then, keeping the matter equally secret, I administered to myself a pill of fifteen grains. This second was equally ineffectual with the first.

Gradually, by five grains at a time, I increased the dose to thirty grains, which I took one evening half an hour after tea. I had now almost come to the conclusion that I was absolutely unsusceptible of the hasheesh influence. Without any expectation that this last experiment would be more successful than the former ones, and indeed with no realization of the manner in which the drug affected those who did make the experiment successfully, I went to pass the evening at the house of an intimate friend. In music and conversation the time passed pleasantly. The clock struck ten, reminding me that three hours had elapsed since the dose was taken, and as yet not an unusual symptom had appeared. I was provoked to think that this trial was as fruitless as its predecessors.

Ha! what means this sudden thrill? A shock, as of some unimagined vital force, shoots without warning through my entire frame, leaping to my fingers' ends, piercing my brain, startling me till I almost spring from my chair.

I could not doubt it. I was in the power of the hasheesh influence. My first emotion was one of uncontrollable terror -- a sense of getting something which I had not bargained for. That moment I would have given all I had or hoped to have to be as I was three hours before.

No pain any where -- not a twinge in any fibre -- yet a cloud of unutterable strangeness was settling upon me, and wrapping me impenetrably in from all that was natural or familiar. Endeared faces, well known to me of old, surrounded me, yet they were not with me in my loneliness. I had entered upon a tremendous life which they could not share. If the disembodied ever return to hover over the hearth-stone which once had a seat for them, they look upon their friends as I then looked upon mine. A nearness of place, with an infinite distance of state, a connection which had no possible sympathies for the wants of that hour of revelation, an isolation none the less perfect for seeming companionship.

Still I spoke, a question was put to me, and I answered it; I even laughed at a bon mot. Yet it was not my voice which spoke; perhaps one which I once had far away in another time and another place. For a while I knew nothing that was going on externally, and then the remembrance of the last remark which had been made returned slowly and indistinctly, as some trait of a dream will return after many days, puzzling us to say here we have been conscious of it before.

A fitful wind all the evening had been sighing down the chimney; it now grew into the steady hum of a vast wheel in accelerating motion. For a while this hum seemed to resound through all space. I was stunned by it -- I was absorbed in it. Slowly the revolution of the wheel came to a stop, and its monotonous din was changed for the reverberating peal of a grand cathedral organ. The ebb and flow of its inconceivably solemn tone filled me with a grief that was more than human. I sympathized with the dirge-like cadence as spirit sympathizes with spirit. And then, in the full conviction that all I heard and felt was real, I looked out of my isolation to see the effect of the music on my friends. Ah! we were in separate worlds indeed. Not a trace of appreciation on any face.

Perhaps I was acting strangely. Suddenly a pair of busy hands, which had been running neck and neck all the evening with a nimble little crochet- needle over a race-ground of pink and blue silk, stopped at their goal, and their owner looked at me steadfastly. Ah! I was found out -- I had betrayed myself. In terror I waited, expecting every instant to hear the word ""hasheesh."" No, the lady only asked me some question connected with the previous conversation. As mechanically as an automaton I began to reply. As I heard once more the alien and unreal tones of my own voice, I became convinced that it was some one else who spoke, and in another world. I sat and listened; still the voice kept speaking. Now for the first time I experienced that vast change which hasheesh makes in all measurements of time. The first word of the reply occupied a period sufficient for the action of a drama; the last left me in complete ignorance of any point far enough back in the past to date the commencement of the sentence. Its enunciation might have occupied years. I was not in the same life which had held me when I heard it begun.

And now, with time, space expanded also. At my friend's house one particular arm-chair was always reserved for me. I was sitting in it at a distance of hardly three feet from the centre-table around which the members of the family were grouped. Rapidly that distance widened. The whole atmosphere seemed ductile, and spun endlessly out into great spaces surrounding me on every side. We were in a vast hall, of which my friends and I occupied opposite extremities. The ceiling and the wall ran upward with a gliding motion, as if vivified by a sudden force of resistless growth.

Oh! I could not bear it. I should soon be left alone in the midst of an infinity of space. And now more and more every moment increased the conviction that I was watched. I did not know then, as I learned afterward, that suspicion of all earthly things and persons was the characteristic of the hasheesh delirium.

In the midst of my complicated hallucination, I could perceive that I had a dual existence. One portion of me was whirled unresistingly along the track of this tremendous experience, the other sat looking down from a height upon its double, observing, reasoning, and serenely weighing all the phenomena. This calmer being suffered with the other by sympathy, but did not lose its self-possession. Presently it warned me that I must go home, lest the growing effect of the hasheesh should incite me to some act which might frighten my friends. I acknowledged the force of this remark very much as if it had been made by another person, and rose to take my leave. I advanced toward the centre-table. With every step its distance increased. I nerved myself for a long pedestrian journey. Still the lights, the faces, the furniture receded. At last, almost unconsciously, I reached them. It would be tedious to attempt to convey the idea of the time which my leave-taking consumed, and the attempt, at least with all minds that have not passed through the same experience, would be as impossible as tedious. At last I was in the street.

Beyond me the view stretched endlessly away. It was an unconverging vista, whose nearest lamps seemed separated from me by leagues. I was doomed to pass through a merciless stretch of space. A soul just disenthralled, setting out for his flight beyond the farthest visible star, could not be more overwhelmed with his newly acquired conception of the sublimity of distance than I was at that moment. Solemnly I began by infinite journey. Before long I walked in entire unconsciousness of all around me. I dwelt in a marvelous inner world. I existed by turns in different places and various states of being. Now I swept my gondola through the moonlit lagoons of Venice. Now Alp on Alp towered above my view, and the glory of the coming sun flashed purple light upon the topmost icy pinnacle. Now in the primeval silence of some unexplored tropical forest I spread my feathery leaves, a giant fern, and swayed and nodded in the spice-gales over a river whose waves at once sent up clouds of music and perfume. My soul changed to a vegetable essence, thrilled with a strange and unimagined ecstasy. The palace of Al Haroun could not have brought me back to humanity.

I will not detail all the transmutations of that walk. Ever and anon I returned from my dreams into consciousness, as some well-known house seemed to leap out into my path, awaking me with a shock. The whole way homeward was a series of such awakings and relapses into abstraction and delirium until I reached the corner of the street in which I lived.

Here a new phenomenon manifested itself. I had just awaked for perhaps the twentieth time, and my eyes were wide open. I recognized all surrounding objects, and began calculating the distance home. Suddenly, out of a blank wall at my side a muffled figure stepped into the path before me. His hair, white as snow, hung in tangled elf-locks on his shoulders, where he carried also a heavy burden, like unto the well-filled sack of sins which Bunyan places on the back of his pilgrim. Not liking his manner, I stepped aside, intending to pass around him and go on my way. This change of our relative positions allowed the blaze of a neighboring street-lamp to fall full on his face, which had hitherto been totally obscured. Horror unspeakable! I shall never, till the day I die, forget that face. Every lineament was stamped with the records of a life black with damning crime; it glared upon me with a ferocious wickedness and a stony despair which only he may feel who is entering on the retribution of the unpardonable sin. He might have sat to a demon painter as the ideal of Shelly's Cenci. I seemed to grow blasphemous in looking at him, and, in an agony of fear, began to run away. He detained me with a bony hand, which pierced my wrist like talons, and, slowly taking down the burden from his own shoulders, laid it upon mine. I threw it off and pushed him away. Silently he returned and restored the weight. Again I repulsed him, this time crying out, ""Man, what do you mean?"" In a voice which impressed me with the sense of wickedness as his face had done, he replied, ""You shall bear my burden with me,"" and a third time laid it on my shoulders. For the last time I hurled it aside, and, with all my force, dashed him from me. He reeled backward and fell, and before he could recover his disadvantage I had put a long distance between us.

Through the excitement of my struggle with this phantasm the effects of the hasheesh had increased mightily. I was bursting with an uncontrollable life; I strode with the thews of a giant. Hotter and faster came my breath; I seemed to pant like some tremendous engine. An electric energy whirled me resistlessly onward; I feared for myself lest it should burst its fleshly walls, and glance on, leaving a wrecked frame-work behind it.

At last I entered my own house. During my absence a family connection had arrived from abroad, and stood ready to receive my greeting. Partly restored to consciousness by the naturalness of home-faces and the powerful light of a chandelier which shed its blaze through the room, I saw the necessity of vigilance against betraying my condition, and with an intense effort suppressing all I felt, I approached my friend, and said all that is usual on such occasions. Yet recent as I was from my conflict with the supernatural, I cast a stealthy look about me, that I might learn from the faces of the others if, after all, I was shaking hands with a phantom, and making inquiries about the health of a family of hallucinations. Growing assured as I perceived no symptoms of astonishment, I finished the salutation and sat down.

It soon required all my resolution to keep the secret which I had determined to hold inviolable. My sensations began to be terrific -- not from any pain that I felt, but from the tremendous mystery of all around me and within me. By an appalling introversion, all the operations of vitality which, in our ordinary state, go on unconsciously, came vividly into my experience. Through every thinnest corporeal tissue and minutest vein I could trace the circulation of the blood along each inch of its progress. I knew when every valve opened and when it shut; every sense was preternaturally awakened; the room was full of a great glory. The beating of my heart was so clearly audible that I wondered to find it unnoticed by those who were sitting by my side. Lo, now, that heart became a great fountain, whose jet played upward with loud vibrations, and, striking upon the roof of my skull as on a gigantic dome, fell back with a splash and echo into its reservoir. Faster and faster came the pulsations, until at last I heard them no more, and the stream became one continuously pouring flood, whose roar resounded through all my frame. I gave myself up for lost, since judgment, which still sat unimpaired above my perverted senses, argued that congestion must take place in a few moments, and close the drama with my death. But my clutch would not yet relax from hope. The thought struck me, Might not this rapidity of circulation be, after all, imaginary? I determined to find out.

Going to my own room, I took out my watch, and placed my hand upon my heart. The very effort which I made to ascertain the reality gradually brought perception back to its natural state. In the intensity of my observations, I began to perceive that the circulation was not as rapid as I had thought. From a pulseless flow it gradually came to be apprehended as a hurrying succession of intense throbs, then less swift and less intense, till finally, on comparing it with the second-hand, I found that about 90 a minute was its average rapidity. Greatly comforted, I desisted from the experiment. Almost instantly the hallucination returned. Again I dreaded apoplexy, congestion, hemorrhage, a multiplicity of nameless deaths, and drew my picture as I might be found on the morrow, stark and cold, by those whose agony would be redoubled by the mystery of my end. I reasoned with myself; I bathed my forehead -- it did no good. There was one resource left:I would go to a physician.

With this resolve, I left my room and went to the head of the staircase. The family had all retired for the night, and the gas was turned off from the burner in the hall below. I looked down the stairs: the depth was fathomless; it was a journey of years to reach the bottom! The dim light of the sky shone through the narrow panes at the sides of the front door, and seemed a demon-lamp in the middle darkness of the abyss. I never could get down! I sat me down despairingly upon the topmost step.

Suddenly a sublime thought possessed me. If the distance is infinite, I am immortal. It shall be tried. I commenced the descent, wearily, wearily down through my league-long, year-long journey. To record my impressions in that journey would be to repeat what I have said of the time of hasheesh. Now stopping to rest as a traveler would turn aside at a wayside inn, now toiling down through the lonely darkness, I came by-and-by to the end, and passed out into the street.

The original 1870 print edition of The Hasheesh Eater, available here.",,reviewed
4937a872-c497-5db7-82ee-07163658a08f,8476ce01-41ea-54f8-8c40-2a0ba194f8a4,1,Imported page body,,,"Background: The Chicago Seven trial marked an especially charged moment in American legal and cultural history that reflected the deep societal divisions during the Vietnam War era. Initially, the Chicago Eight, the trial's defendants included activists charged with conspiracy, inciting to riot, and other charges related to the protests at the 1968 Democratic National Convention in Chicago. The trial was emblematic of the clash between the establishment and the counterculture movement, drawing attention to issues of free speech, political protest, and the role of government in policing dissent. The proceedings became a circus-like spectacle, with Judge Julius Hoffman's courtroom often descending into chaos.

Timothy Leary, a figure synonymous with the early movement to explore and legitimize the use of psychedelic substances, appeared as a witness during the trial. Leary's testimony offers a vivid snapshot of a period where the boundaries of political activism, academic freedom, and personal liberation were being actively contested.

Witness testimony

Via the UMKC School of Law Chicago Seven Trial page

THE COURT: Will you call the witness, please?

MR. KUNSTLER: Would you state your full name for the record?

THE WITNESS: Timothy F. Leary.

MR. KUNSTLER: Dr. Leary, what is your present occupation?

THE WITNESS: I am the Democratic candidate for Governor in California.

MR. KUNSTLER: Is that in the primary?

THE WITNESS: Yes, sir, Democratic primary

THE COURT: Just so that the jury will be clear, do you call being a candidate an occupation, sir?

THE WITNESS: Well, it is taking most of' my time at present, your Honor.

THE COURT: What is your regular occupation?

THE WITNESS: I am a religious ordained minister, and I am a college lecturer.

MR. KUNSTLER: Can you state what your educational background is?

THE WITNESS: Yes, sir, I received a Ph.D. in clinical psychology from the University of California, Berkeley, in 1950. 1 was two years at Holy Cross College, and a year and a half at West Point, the United States Military Academy.

MR. KUNSTLER: Now, Dr. Leary, can you state briefly your professional experience since receiving your Ph.D. in 1950?

THE WITNESS: Yes, from 1950 to 1956, I was on the faculty of the University of California and the University of California Medical School in San Francisco. I was also the director of the Kaiser Foundation Psychological Research from 1952 to 1957.

MR. KUNSTLER: And after that?

THE WITNESS: I taught at the University of Copenhagen in the Philosophy and Psychology Department in Denmark in 1958, and then in 1959 I joined the faculty at Harvard University and taught at Harvard from 1959 to 1963 in clinical psychology and personality psychology.

MR. KUNSTLER: Dr. Leary, have you been the author of any publications?

THE WITNESS: Yes, I have written two books on experimental clinical psychology and about twenty scientific articles in this field. I have written six books and over fifty scientific articles on the effects of psychedelic drugs on human psychology and human consciousness.

MR. KUNSTLER: Doctor, can you explain what a psychedelic drug is?

THE WITNESS: I will try. Psychedelic drugs are drugs which speed up thinking, which broaden the consciousness, which produce religious experiences or creative experiences, or philosophic experiences in the person who takes them.
These psychedelic drugs, of course, are the opposite of the nonpsychedelic drugs like heroin, or alcohol, and barbiturates which slow down thinking, as opposed to psychedelic drugs which expand and accelerate the consciousness.

MR. KUNSTLER: Now, there came a time, did there not, Dr. Leary, when you left Harvard University?

THE WITNESS: Yes, I was dismissed from Harvard University in 1963. There were two reasons for my dismissal. One was a dispute over schedule of classes, and the other was because I was continuing to do research on the effects of psychedelic drugs which was politically risky for Harvard University to sponsor.

MR. KUNSTLER: What was the nature of that research?

MR. FORAN: I object to that, your Honor.

THE COURT: I sustain the objection.

MR. KUNSTLER: Your Honor, we want to show the background of Dr. Leary and the type of work he was doing. There has been a great misconception about the type of work he was doing. We want to explain it to the jury.

THE COURT: Dr. Leary's work isn't in issue here. He is not a defendant here.

MR. KUNSTLER: Now, Dr. Leary, do you recall when your first met Jerry Rubin?

THE WITNESS: Yes, I do. I met Jerry Rubin at the love-in at San Francisco, which was January 1967.

MR. KUNSTLER: And do you know where that love-in was held?

THE WITNESS: Yes, that was held in Golden Gate Park, and I think either seventy or eighty thousand people came to the park to participate in this love-in.

MR. FORAN: Objection.

THE COURT: I sustain the objection. Seven or eight thousand?

MR. KUNSTLER: Seventy or eighty thousand.

THE COURT: Oh, even worse.

MR. KUNSTLER: Even better.
All right, Dr. Leary, when did you first meet Abbie Hoffman?

THE WITNESS: The first time I met Mr. Hoffman was at the LSD Shrine and Rescue Center in New York City. That would be November or December of 1966.
MR. KUNSTLER: Now, lest there be any confusion, what does LSD stand for?

THE WITNESS: It was the League of Spiritual Discovery. That was a religion incorporated in the State of New York and we had a rescue center in New York
where hundreds of people taking drugs could be rehabilitated.

MR. KUNSTLER: Dr. Leary, I call your attention to late January of 1968 and ask you whether you met with Jerry and Abbie during that month at that time?

THE WITNESS: Yes, I did. I met with Mr. Hoffman and Mr. Rubin and with other people and we formed and founded the Youth International Party.

MR. KUNSTLER: Now, with reference to the founding of the Youth International Party, which we will refer to as Yippie, can you state what was said by the people attending there with reference to the founding of this party?

THE WITNESS: Well, Julius Lester said that the current parties are not responsive to the needs of black people, particularly young black people. Allen Ginsberg said that the Democrat and Republican Parties are not responsive to the creative youth and to college students and high school students who expect more from society.
Abbie Hoffman, as I remember, was particularly eloquent in describing the need for new political tactics and techniques.

MR. FORAN: Objection.

THE COURT: You are not privileged to characterize the participants in that way.

MR. KUNSTLER: Even if you were impressed by what people said, don't indicate whether they were eloquent or what-have-you.

MR. FORAN: Your Honor, I object to Mr. Kunstler's comments which he knows are improper.

MR. KUNSTLER: I was trying to assist Mr. Foran.

THE COURT: I will do the directing. You ask the questions.

MR. KUNSTLER: Would you go ahead, Dr. Leary?

THE WITNESS: Abbie Hoffman said that new political methods were needed because the conventions of the Democrat and Republican Parties were controlled by machine politics which had nothing to do with the needs of the people.
Mr. Hoffman continued to say that we should set up a series of political meetings throughout the country, not just for the coming summer but for the coming years. Mr. Hoffman suggested that we have love-ins or be-ins in which thousands of young people and freedom-loving people throughout the country Could get together on Sunday afternoons, listen to music which represented the new point of view, the music of love and peace and harmony, and try to bring about a political change in this country that would be nonviolent in people's minds and in their hearts, and this is the concept of the love-in which Mr. Hoffman was urging upon us.

MR. KUNSTLER: Now, at any time during this discussion did anyone make an reference to the Democratic National Convention?

THE WITNESS: Mr. Hoffman said it was important to have a large group of young people and black people and freedom-loving people come to Chicago during the Democratic Convention the following August. That it was important that people that were concerned about peace and brotherhood, come to Chicago and in a very dignified, beautiful way meet in the parks and represent what Mr. Hoffman called the politics of life and politics of love and peace and brotherhood.
Mr. Rubin, I remember, pointed out that since the Democratic Party was meeting here, there was great concern about having police and having National Guard and they were bringing in tear gas. Mr. Rubin pointed out that it could possibly be violent here, and both Mr. Rubin and Allen Ginsberg said that they didn't think that we should come to Chicago if there was a possibility of violence from the soldiers or the police.

MR. KUNSTLER: I call Your attention to March of 1968, somewhere in the middle of March, and I ask you if you can recall being present at a press conference?

THE WITNESS: Yes.

MR. KUNSTLER: Prior to this press conference had you had any other meetings with Jerry and Abbie?

THE WITNESS: Yes, we had met two or three times during the spring.

MR. FORAN: Your Honor, I object to the constant use of the diminutives in the reference to the defendants,

MR. KUNSTLER: Your Honor, sometimes it is hard because we work together in this case, we use first names constantly.

THE COURT: I know, but if I knew you that well, and I don't, how would it seem for me to say, ""Now, Billy--""

MR. KUNSTLER: Your Honor, it is perfectly acceptable to me-if I could have the reverse privilege.

THE COURT: I don't like it. I have disapproved of it before and I ask you now to refer to the defendants by their surnames.

MR. KUNSTLER: I was just thinking I hadn't been called ""Billy"" since my mother used that word the first time.

THE COURT: I haven't called you that.

MR. KUNSTLER: It evokes some memories.

THE COURT: I was trying to point out to you how absurd it sounds in a courtroom.

MR. KUNSTLER: Dr. Leary, did you speak at that press conference?

THE WITNESS: Yes. I described in great detail the harassment that we had suffered in our religious center at Millbrook, New York, by the police. I describe how for the preceding two or three months there had been a police blockade around this young people's center in upstate New York and that our houses had been ransacked at night by sheriffs and policemen and how our young children were being arrested on their bicycles on the roads outside of our houses because they didn't have identification.
And I described how helicopters had been coming over to observe our behavior and I raised the possibility that we did not want this to happen in Chicago and we hoped that Chicago would be free from this sort of unpleasant encounter, because at Millbrook we were living very peaceably, bothering nobody until we were harassed and surrounded by the police.

MR. KUNSTLER: Now. during the month of March did you have occasion to speak with Jerry Rubin?

THE WITNESS: Yes, I called Jerry to tell him about the results of the Yippie meeting in Chicago.

MR. KUNSTLER: All right. Will you tell the jury and the Court what you told Jerry and what he told you, if anything, in that phone conversation?

THE WITNESS: I told Mr. Rubin that I had never experienced such fear on the part of the young people as I did in the young people of Chicago, that they were, literally trembling about the possibility of violence in August. And I raised the issue to Jerry as to whether we should reconsider coming to Chicago.

MR. KUNSTLER: Now. up to this time in this telephone conversation had you had any conversation with Jerry Rubin or Abbie Hoffman about LSD in the Chicago water supply?

MR. FORAN: I object to that, your Honor.

THE COURT: I sustain the objection.

MR. KUNSTLER: Now, Dr. Leary, I call your attention to April of 1968. and ask you if you recall a meeting with Jerry Rubin and Abbie Hoffman?

THE WITNESS: Yes, I met with Jerry Rubin and Abbie Hoffman.

MR. KUNSTLER: What did you say?

THE WITNESS: Mr. Hoffman pointed out that since our last meeting, President Johnson had retired from office. Therefore, President Johnson would not be coming to Chicago. Therefore, the meaning of a celebration of life on our part as opposed to Mr. Johnson was lost since the man we were attempting to oppose was not going to come to Chicago.
Both Mr. Hoffman and Mr. Rubin at that time said to me before I left that they were not sure whether we should come to Chicago, and that we would watch what happened politically. At that time, Jerry Rubin pointed out that Robert Kennedy was still alive, and many of us felt that he represented the aspirations of young people, so we thought we would wait. I remember Mr. Rubin saving, ""Let's wait and see what Robert Kennedy comes out with as far as peace is concerned. Let's wait to see if Robert Kennedy does speak to voting people, and if Robert Kennedy does seek to represent the peaceful, joyous, erotic feelings of young people--""

THE COURT: ""Erotic,"" did you say?

THE WITNESS: Erotic.

THE COURT: E-R-O-T-I-C?

THE WITNESS: Eros. That means love, your Honor.

THE COURT: I know, I know. I wanted to be sure I didn't mishear you

THE WITNESS: So Mr. Rubin suggested that we hold off the decision as to whether we come to Chicago until we saw how Mr. Kennedy's campaign developed, and at that point, I think most of us would have gladly, joyously called off the Chicago meeting.

MR. KUNSTLER: You did not yourself come to Chicago, did you, during the Democratic National Convention?

THE WITNESS: No. I did not come to Chicago myself.

MR. KUNSTLER: Right. Now prior to the Convention week, did you have any conversation with Jerry Rubin?

THE WITNESS: Yes, at the end of July. I told Mr. Rubin that I had decided not to come to Chicago. Mr. Rubin asked me why.

MR. FORAN: Objection as to his reasons for not coming.

THE COURT: I should say that is irrelevant. I sustain the objection.

MR. KUNSTLER: Your witness.

THE COURT: Cross-examination.

MR. FORAN: Dr. Leary, will you name the drugs that you said speeded up thinking?

THE WITNESS: Yes, psychedelic or mind-expanding drugs include LSD, mescaline, peyote, marijuana, and I could go on. There is a list of perhaps thirty or forty chemical compounds and natural vines and herbs. Do you want more?

MR. FORAN: No, that is enough.
Now, when you talked to Jerry Rubin in late March over the telephone from Chicago, you had a long discussion with him at that time about your fears of violence that would occur in Chicago at the Democratic Convention, did you not?

THE WITNESS: Yes, I had been told this bv the young people in Chicago.

MR. FORAN: And you expressed your concern?

THE WITNESS: Well, I am always concerned about the possibility of violence anywhere at any time. I am against violence.

MR. FORAN: You asked him at that time whether or not you should reconsider coming to Chicago, is that correct?

THE WITNESS: Yes, sir.

MR. FORAN: I have no further questions.

MR. KUNSTLER: I have just one further question.
Dr. Leary, in answer to Mr. Foran's question about the young people, did you tell Jerry Rubin from where the young people in Chicago expected violence to come, from what source?

THE WITNESS: Well, from the militia, the National Guard. The sheriff was fighting with the police chief of Chicago at the time, and the sheriff, I believe, was enlisting vigilantes and just people off the street to be deputy sheriffs.

MR. KUNSTLER: But it was violence from the police?

THE WITNESS: And the National Guard, police, and sheriff.

MR. KUNSTLER: And not from the young people themselves?

THE WITNESS: There was no possibility of that.

MR. KUNSTLER: Thank you.

THE COURT: No further questions? You may go.

Further reading

• Weiner, Jon. Conspiracy in the Streets: The Extraordinary Trial of the Chicago Eight. New Press, 2006.",,reviewed
e7c8da9c-69c8-51d5-84c7-3dc91ea77aac,2e05bf1b-3ea1-5d99-bbfb-2b610809ad4c,1,Imported page body,,,"[from pages 138-39]

They usually strive for the rank of Curácam, which is esteemed for its courage or rather the reputation of magical skill. For they scarcely attribute any events, such as diseases, death, good or bad fortune, the abundance of hunting and fishing, floods, plagues etc., to any other cause than the magical arts of others; to him who seems the most skilled and prepared is given the credit for defending the family from external evils. They often aim for this reputation of magical expertise, to obtain gifts and favors from others, and even to terrify others, boasting that snakes, tigers, storms, and diseases hang on their nod. And although they deceive the credulity of others mostly by tricks and vain boasting, it is nonetheless too well-known by our learned age that the commerce, which is often thought to really intercede between barbarians and the demon, actually exists.

There is no nation, regardless of how varied the word in their language, that is so rude as to not know the demon, indeed not even to summon him by his proper name. The meaning of the term specter [spectrum] is varied. In it, three things are known: that it is incorporeal by nature, but can assume any sensible form at its discretion, far above human power, as all experience testifies, although opinions differ whether a certain species of divinity is to be believed [to exist] in it. There is nothing that I can say about this superstitious cult, which is strictly considered to be heretical, when thinking about it. They fear the devil with a certain fervent fear, as if he could harm them in many ways when offended, and they love him as their benevolent protector against evil, indeed, who sometimes gives them pleasant joys; for they are sometimes instructed in diabolical dances among, clad in human form, where any unspeakable lusts are exercised with an incubus or a demonic ox, as is certainly known from reliable witnesses, whether by actual corporeal manifestation or by mere imaginative fantasy.

It is widely known that after drinking the juice of the Campana, or that which they call hayac huasca, one is presented with absolutely enormous visions, and indeed these visionaries [visionarios], incapable of controlling their minds, seem to swiftly journey through remote and diverse paths while alive, and only after several days have passed do they return to themselves and their senses…

[from pages 55-56]:

Without doubt, there is a superstition around a drink brewed from the bark of what is called Hayac huasca or ‘bitter rope,’ which seizes the fully susceptible for a long-lasting rapture, during which they dream wonderful dreams and see what they wish to know in visions. I knew a man who, whenever he pleased, was seized by that repeatedly used potion and drawn to diabolical dances where unspeakable things were being performed; whether true or merely imagined, it is not clear. I believe it to be true, because it is proven by many testimonies that, during the frenzy, the enthusiasts sometimes actually run wildly. A similar effect occurs when drinking the juice of the Floripondium, which is also called Belladonnabecause of the similarity of its flower's shape, which is not at all rare there. They also abuse, among various ceremonies for superstition, the smoke and juice of tobacco, as well as their Aji or Utschu, especially the red one, for love sorceries. They also have certain roots, commonly named Piri piri, which when rubbed in a certain way, they can control, according to their will, the weather, with a certain number of thunderstorms; with this, some of the savages, traveling abroad, on the day before, signal their arrival to those at home so that a solemn feast can be prepared in time.

But why mention these and many other sorts of magic, with which some savages have been found to perform wonders, cause various harms, even death, and sometimes predict the future or things happening far away? Many of those who sell themselves as magicians are not actually so, but only deceive the credulity of others with vain trifles, obviously to gain a certain authority with reverential fear.

…

It is equally well known that they believe in the ability of demons to communicate with them through the voice of a tiger or a serpent, or even through a certain monkey or a familiar parrot, to direct or even terrify them. Hence, it is not surprising that the barbaric ignorance believes in the opinion that most birds and quadrupeds possess a mind and intelligence equal to or even superior to our own. They even believe in a Pythagorean metempsychosis, that the spirits of deceased humans migrate to the brutes. They are completely careless about the immortality of the human soul, the rewards or punishments that may come after death, or even the ultimate cause of all things and the supreme Lord of the universe. They are only concerned with their domestic poverty and extreme laziness. They are content with the success of this life, to an extent beyond necessity, and they never exert themselves, leaving everything to blind chance. They are solely focused on the present and, above all, on raising their minds beyond what the senses perceive, without any education…. Undoubtedly, these people are carnal, even after several years of instruction, they barely grasp the spirit and duties of Christianity, rather conforming externally to Christian behavior like beasts than with genuine religious spirit. However, they are surprisingly agile and clever in learning foreign languages, music, and any mechanical work, especially those that serve their desires, and they are believed to excel our ordinary people in the liveliness of their senses and imagination.”

Passages from Veigl’s Latin account of ayahuasca, which are translated above.",,reviewed
0fd82cc5-bc54-5105-a6c1-e210aa7112a0,403a35d7-213f-5012-9152-5fdb41d134db,1,Imported page body,,,"[from pages 206-208]

NOTE — Since the manuscript of the preceding article was committed to the Editor’s hands, I have made some observations on the effects of nitrous-oxide-gas-intoxication which have made me understand better than ever before both the strength and the weakness of Hegel’s philosophy. I strongly urge others to repeat the experiment, which with pure gas is short and harmless enough. The effects will of course vary with different individuals, just as they vary in the same individual from time to time; but it is probable that in the former case as in the latter a generic resemblance will obtain. With me, as with every other individual of whom I have heard, the keynote of the experience is the tremendous exciting sense of an intense metaphysical illumination. Truth lies open to the view in depth beneath depth of almost blinding evidence. The mind sees all the logical relations of being with an apparent subtlety and instantaneity which its normal consciousness offers no parallel; only as sobriety returns, the feeling of insight fades, and one is left staring vacantly at a few disjointed words and phrases, as one stares at a cadaverous-looking snow peak from which the sunset glow has just fled, or at the black cinder left by an extinguished brand.

The immense emotional sense of reconciliation that characterises the “maudlin” stage of alcoholic drunkenness, a stage that seems silly to lookers-on, but the subjective rapture of which probably constitutes a chief part of the temptation to vice, is well known. The centre and the periphery of things seem to come together. The ego and its objects, the me and the not me, are one. Now this, only a thousandfold enhanced, was the effect upon me of the gas: and its first result was to make peace through all with untamable power; the conviction that Hegelianism was true after me, and that the deepest convictions of my intellect hitherto were wrong. Whatever idea or representation occurred to the mind was seized by the same logical forays, and served to illustrate the same truth, and that truth was that every opposition, among whatsoever things, vanishes in a higher unity in which it is based; that all contradictions, so called, are but differences; that all differences are of degree; that all degrees are of a common kind; that unbroken continuity is of the essence of being; and that we are literally in the midst of an infinite, to the recess the existence of which is the utmost we can attain. Without the same as a basis, how could strife occur? Strife presupposes something to be striven about; and in this common topic, the same for both parties, the differences merge. From the hardest contradiction to the tenderest diversity of verbiage differences evaporate, yes and no agree at least in being assertions,— a denial of a statement is but another mode of stating the same, contradiction can only occur of the same thing, all opinions are thus synonyms, are synonymous, are the same. But the same phrase by difference of emphasis is two; and here again difference and no-difference merge in one. It is impossible to convey an idea of the torrential character of the identification of opposites as it streams through the mind in this experience. I have sheet after sheet of phrases dictated or written during the intoxixation, which to the sober reader seem meaningless drivel, but which at the moment of transcribing were fused in the fire of infinite rationality. God and devil, good and evil, life and death, I and thous, sober and drunk, matter and form, black and white, quantity and quality, shiver of ecstasy and shudder of horror, vomiting and swallowing, inspiration and expiration, fate and reason, great and small, extent and intent, joke and earnest, tragic and comic, and fifty other contrasts figure in these pages in the same monotonous way. The mind saw how each term belonged to its contrast through a knife-edge moment of transition which it effected, and which, perennial and eternal, was the nunc stans of life. The thought of mutual implication of the parts in the bare form of a judgement of opposition, as ""nothing—but,"" ""no more—than,"" ""only—if,"" &c. &c.., produced a perfect delirium of the theoretic rapture. And at last, when definite ideas to work on came slowly, the mind went through the mere form of recognizing sameness in identity by contrasting the same word with itself, differently emphasized, or shorn of its initial letter. Let me transcribe a few sentences.

What's names but a kind of take?
What's names but a kind of -ness?
Sober, drunk, —unk, astonishment!
Everything can become the subject of criticism—how criticism without something to criticise !
Agreement—disagreement ! !
Emotion—motion ! ! !
Die away from, from, die away (without the from),
Reconciliation of opposites ; sober, drunk, all the same !
Good and evil reconciled in a laugh !
It escapes, it escapes !
But——
What escapes, WHAT escapes ?
Emphasis, EMphasis, there must be some emphasis in order for there to
be a phasis.
No verbiage can give it, because the verbiage is other.
Incoherent, coherent — same.
And it fades ! And it’s infinite ! AND it’s infinite!
If it wasn’t going, why should you hold on to it ?
Don’t you see the difference, don’t you see the identity ?
Constantly opposites united !
The same me telling you to write and not to write !
Extreme—extreme, extreme ! Within the extensity that “extreme” contains is contained the “extreme” of intensity.
Something, and other than that thing !
Intoxication, and otherness than intoxication.
Every attempt at betterment,— every attempt at otherment — is a ——.
It fades forever and forever as we move.
There is a reconciliation !
By God, how that hurts ! By God, how it doesn't hurt ! Reconciliation
of two extremes.
By George, nothing but othing !
That sounds like nonsense, but it is pure onsense !
Thought deeper than speech —— !
Medical school; divinity school, school ! SCHOOL ! School ! Oh my God, oh
God, oh God !
There are no differences but differences of degree between different degrees
of difference and no difference. &c., &c., &c.

That last phrase has the true Hegelian ring, being in fact a regular sich als sich auf sich selbst beziehende Negativitat [""the negativity that relates to itself as itself.” This phrase refers to a concept in Hegelian philosophy where ""negativity"" is not just a lack or absence but a process of dialectical thinking]. And true Hegelians will überhaupt [in general] be able to read between the lines and feel, at any rate, what possible ecstasies of cognitive emotion might have bathed these tattered fragments of thought when they were alive. But for the assurance of a certain amount of respect for them, I should hardly have ventured to print what must be such caviare to the general.

But now comes the reverse of the medal. What is the principle of unity in all this monotonous rain of instances? Although I did not see it at first, I soon found that it was in each case nothing but the abstract genus of which the conflicting terms were opposite species. In other words, although the flood of ontologic emotion was Hegelian through and through, the ground for it was nothing but the world-old principle that things are the same only so far and not farther that they are the same, or partake of a common nature --- the principle that Hegel most tramples under foot. At the same time the rapture of beholding a process that was infinite, changed (as the nature of the infinitude was realized by the mind) in to the sense of a dreadful and ineluctable fate, with whose magnitude every finite effort is incommensurable and in the light of which watever happens is indifferent. This instantaneous revulsion of mood from rapture to horror is, perhaps, the strongest emotion I have ever experienced. I got it repeatedly when the inhalation was continued long enough to produce incipient nausea; and I cannot but regard it as the normal and the inevitable outcome of the intoxication, if sufficiently prolonged. A pessimistic fatalism, depth within depth of impotence and indifference, reason and silliness united, not in a higher synthesia, but in the fact that whichever you choose it is all one --- this is the upshot of a revelation that began so rosy bright.

Even when the process stops short of this ultimatum, the reader will have noticed from the phrases quoted how often it ends by losing the clue. Something ""fades,"" ""escapes""; and the feeling of insight is changed into an intense one of bewilderment, puzzle, confusion, astonishment. I know no more singulr sensation than this intense bewilderment, with nothing left to be bewildered at save the bewilderment itself. It seems, indeed, a causa sui, or ""spirit become its own object.""

My conclusion is that the togetherness of things in a common world, the law of sharing, of which I have said so much, may, when perceived, engender a very powerful emotion; that Hegel was so unusually susceptible to this emotion throughout his life that its gratification became his supreme end, and made him tolerably unscrupulous as to means he employed; that indifferentism is the true outcome of every view of the world which make infinity and continuity to be its sessence, and that pessimistic or optimistic attitudes pertain to the mere accidental subjectivity of the moment; finally, that the identification of contradictories, so far from being the self-developing process which Hegel supposes, is really a self-consuming process, passing from the less to the more abstract, and terminating either in a laugh at the ultimate nothingness, or in a mood of vertiginous amazement at a meaningless infinity.

The original 1882 print edition of William James’ adventures with nitrous oxide and Hegel, which are transcribed above.",,reviewed
c35ca345-235c-5f1f-9dc1-e34fdc0c5abd,7da50bb7-30d3-5c0d-9e70-4d7b516e0266,1,Imported page body,,,"(starting at 17:00)

Narrator: Modern psychiatry makes no sharp division between the mind and the body. Physical ills often have psychic causes, just as emotional ills may have a physical basis. Possibilities of organic disturbance in the brain are investigated by means of the electroencephalograph.

[film cuts to a Rorschach card] The Rorschach Test. The things that the patient's imagination sees in these cards gives significant clues to his personality makeup.

Soldier: This looks sort of like a drawing of two women… standing on a rock… and waving their hands.

[film cuts to a young man, shirtless]

Narrator: This man suffering from a conversion hysteria requires immediate treatment. Organically sound, his paralysis is as real as if it were caused by a spinal lesion — but it is purely psychological.

Doctor: Well, just sit up top the middle of the bed there. That's fine. Now sit yourself over there. Well, now, can you move over just a little so I can talk to you?

Soldier: Yes, sir.

Doctor: Now, what is the trouble? You seem to be upset.

Soldier: Just nervous.

Doctor: Nervous?

Soldier: Yes. It makes me flinch like that.

Doctor: I see. How long has that been going on?

Soldier: Since Friday. Friday. Friday night.

Doctor: Come on suddenly or gradually?

Soldier: Suddenly, sir.

Doctor: How?

Soldier: Well it started in the afternoon with crying spells. And felt something funny in my shoulders here. Back bothered me. Just started crying, lost control of my arms and legs.

Doctor: Was there any reason for crying spells?

Soldier: I don't know sir.

Doctor: Hmm. Anything happen at home to bother you?

Soldier: Well, my mother's been ill.

Doctor: She has been ill? That worry you a lot?

Soldier: Quite a bit.

Doctor: Well, now, has this got anything to do with your mother's illness? Any reason why you should have that kind of reaction?

Soldier: No, sir, not that I know of. Unless my mother's illness might have brought this on. I try to hold it in, but it hurts.

Doctor: I see. You've just been holding these things in.

Soldier: That's right, sir.

Doctor: No way you can control this at all?

Soldier: No, sir.

Doctor: Well, now, we're going to have to help you do that, of course. Let's take off this jacket here. Just slip that off. Alright, now lie down on the bed.

Soldier: Shoes?

Doctor: Now, we're leaving the shoes on so you can walk in them. I think we're going to get you walking. Let's come over here. That's a boy. That's fine. That's good. Now you lie steady. Lie steady, that's a boy. This is all going to go away as I give you this medicine. No bother at all.

Narrator: The method employed is effective in certain types of acute cases. An intravenous injection of sodium amytal induces a state similar to hypnosis.

Soldier: You mind if I look this way?

Doctor: You look that way. Nothing for you to watch here, but you're going to talk to me as we go along.

[IV sodium amytal is administered]

Soldier: Yes, sir.

Doctor: That's all. Now, you're not going to feel much of anything else. You're going to feel a little bit woozy.

Narrator: The use of this drug serves a twofold purpose. Like hypnosis, it is a shortcut to the unconscious mind. As a surgeon probes for a bullet, the psychiatrist explores a submerging regions of the mind, attempting to locate and bring to the surface the emotional conflict which is the cause of the patient's emotional distress. The second purpose of this drug is to remove through suggestion those symptoms which impede the patient's recovery.

Doctor: Now tell me a little bit about what you're thinking of. The thoughts are coming to your mind now.

Soldier: Nothing in particular.

Doctor: Well, now, let's go back. Let's go back to Friday.

Soldier: Friday?

Doctor: Yeah, think about that. Friday.

Soldier: My mother argues with me.

Doctor: Your mother argues with you.

Soldier: Yeah. Mm-hmm.

Doctor: What does she argue about?

Soldier: Oh, every little thing. If you sit down in the wrong chair or something like that. Doesn't like the stuff we get in the store. Then she comes down.

Doctor: Well, see, have you always tried to please her?

Soldier: Yes. Mm-hmm. Always tried to please her. I used to clean the house with her when I was smaller.

Doctor: Well, now, why do you think she argues like that? Because she's sick?

Soldier: Well, she doesn't try to control her temper.

Doctor: I see. Mm-hmm. How about your father?

Soldier: He's a swell guy.

Doctor: He's a swell fellow, is he?

Soldier: Gets kind of hot tempered. Since my mother's been sick it's been costing a lot of money.

Doctor: Mm-hmm.

Soldier: And he's lost a lot of weight from worrying.

Doctor: I see.

Soldier: My mother argues with him, she wants to know where the money is.

Doctor: Mm-hmm.

Soldier: But I don't care about that, long as everything turns out alright.

Doctor: Yeah. Well, now this jumping, what does that make you think of? Think about it a minute.

Soldier: I can't help it. It just jumps.

Doctor: Uh-huh. How about the legs? Do you know anybody that had any trouble with their legs like that?

Soldier: No, sir. Except...

Doctor: What did it make you think of? Go on.

Soldier: No, sir. Except several...several years ago there was one fellow, he had something wrong with his right leg.

Doctor: Mm-hmm.

Soldier: Wound in the knee, but he's walking today.

Doctor: Was that anything like your leg?

Soldier: No, he couldn't walk at all.

Doctor: He couldn't walk at all? What do you think of when you can walk like that?

Soldier: I wish I could walk.

Doctor: But what do you think of? What comes to your mind when you find that you can't walk?

Soldier: Just maybe I think my mother and father should be okay. Sometimes I wonder… hope the war ends soon, and things like that.

Doctor: I see. Nothing in particular.

Doctor: And now the shakes are gone now, haven't they?

Soldier: Yeah.

Doctor: How about your legs? They're good and strong.

Doctor: They feel alright.

Doctor: Move them. Let's raise them.

Soldier: I was able to raise them before but I can't walk.

Doctor: How about now?

Soldier: They feel alright.

Doctor: They feel good now, as if you can walk on them, don't they? Toes feel numb.

Doctor: Toes feel numb, but that's going away, isn't it?

Soldier: Yeah.

Doctor: Raising them fine, isn't it?

Soldier: Yeah.

Doctor: Now you're going to be able to walk, aren't you?

Soldier: I don't know.

Doctor: Well, you're going to, aren't you?

Soldier: Yes, sir. I'll walk. I like walking.

Doctor: You love walking. Always been very fond of walking. Now you've found yourself unable to walk. Now you're going to get right up and walk, right now. Alright, now let's sit up. Sit up on the side of the bed. Here you go. That's fine.

[Soldier stands]

Alright, now stand up. And look at that.

[Soldier begins to walk]

That good? Alright, now walk out here. Walk over to the nurse all by yourself. That's a boy. Walk over to the nurse. You're just a little woozy. That's the medicine. Now come back to me. Come back to me. Open your eyes. That's a boy. Isn't that fine, isn't that wonderful?

Soldier: Sure.

Doctor: Alright, now again, once more.

Soldier: I don't know how long I'm going to be this way.

Doctor: Oh, it's going to stay this way. It's going to stay because you've taken care of your worry now. Alright, now come on back to me, and I'm going to let you go to sleep. When you wake up, you'll keep on walking perfectly well. How about it?

Soldier: Thanks, sir.

Doctor: Righto. Alright, now let's get up on here, and we'll go to sleep. Now there you go. Now, I'm going to have you go right to sleep. When you wake up, it'll be alright.

[soldier lies back down]

Soldier: Thanks.

Doctor: Alright, sleep, Girardi.

Narrator: The fact that he can walk now does not mean that his neurosis has been cured. That will require time. But the way has been opened for the therapy to follow.

Quote from the director",,reviewed
922bffea-0710-521d-bd98-1ac1c60290ca,0435259b-5ae7-514a-857f-fa8dcf61750e,1,Imported page body,,,"Originally published in Spanish as: “Psicoanálisis y dietilamida del ácido lisérgico (LSD-25). Fundamentos para una técnica terapéutica combinada.”

This article holds significant historical importance as it represents one of the earliest documented attempts to integrate the use of psychedelic substances, specifically LSD, into the framework of Freudian psychoanalysis. Alvarez de Toledo outlines the theoretical foundations and practical applications of this “combined” therapeutic approach, followed by two case studies presented by Fontana and Perez Morales which serve to illustrate the potential benefits and challenges of incorporating LSD into psychoanalytic treatment.

Author: Luisa de Álvarez de Toledo (with case studies contributed by Alberto E. Fontana and Francisco Perez Morales)

Date: September 10, 1957

Source: Paper presented to the Asociación Psicoanalítica Argentina, Buenos Aires

📕 For more on Álvarez de Toledo , see her Biography page.

translated Excerpt

Spanish original:

Un paciente que había pasado por muertes horrorosas durante diversas experiencias, se sentía, veía y estaba en una montaña, pero sin hielo, acostado, con alguien al lado que luego se marcharía, que no era imprescindible, que había tenido la función de acompañarlo.

El cielo era azul oscuro, era de noche, y había estrellas hasta donde alcanzaba la vista. Lo dominante eran dos estrellas que se cruzaban en ángulo recto. La vivencia era de paz, de soledad sentida como reposo (que implicaba un renacimiento).

La acción del LSD 25 lleva al paciente a un estado de regresión prenatal, en el que tiene vivencias oceánicas de identidad con el analista (con la madre), con el cosmos, sintiéndose en la cúspide de la omnipotencia; más allá del tiempo y del espacio.

En esta situación, el paciente vive al analista como al objeto que lo contiene y, simultáneamente, como al sujeto mismo.

Estas vivencias omnipotentes expresan todo lo contrario; la absoluta dependencia del feto en relación con la madre; mundo incontrolable que lo crea y lo mantiene.

Durante las sesiones con LSD 25, esta doble situación (omnipotencia y dependencia extrema), se expresan por la aparente prescindencia que hace el paciente del analista, a quien, por otra parte, simultáneamente, va confundiendo con el diván, con la manta que lo tapa, con él mismo.

La interpretación de estas fantasías, la vivencia de muerte que producen y la regresión, (por desconexión con el objeto real; el analista) llevan a la búsqueda de contacto y se produce, en consecuencia, la externalización del mundo interno del paciente.

El analista y aquello que lo rodea adquiere existencia al ser cubierto con el mundo interno del paciente, que al externalizarse, llena a los objetos de calor, color, afecto e imágenes.

Cíclicamente el paciente ""se confunde"" con el analista y se defiende de esta situación desconectándose, pero progresivamente, va reconociendo como propias las imágenes que coloca en el analista y en las cosas.

La desconexión es vivida en forma muy concreta como muerte y destrucción. Por otra parte, la aparente conexión es una fusión y esto trae el temor a perder la individualidad.

La externalización progresiva de los distintos objetos, que van siendo reconocidos como partes del yo, hacen que finalmente, el paciente vea al analista como a su doble y que él sienta que es el analista.

La externalización de los objetos persecutorios e idealizados y su reconocimiento como partes del yo, hacen que el paciente pase de las ansiedades paranoides a las depresivas.

Las interpretaciones y la prueba de la realidad consiguen que el analista sea visto como una persona distinta.

El analista es visto, entonces, como un desconocido, y el paciente se desconecta, retornando a su mente o a su cuerpo, que ocupan el lugar del analista incontrolable.

La interpretación de estas fantasías restablecen la conexión. Una paciente sintetizó en un sueño posterior a un LSD 25 toda esta situación.

""Estaba en una isla cálida, tropical, rodeada por un mar tranquilo en compañía del novio que tenía cuando chica. Él se tiraba al mar, si él iba. El mar empezaba a agitarse, había grandes olas que me separaban de él, ya no veía más su cuerpo pero oía su voz. Luego tampoco oía su voz y quedé sola hasta que llegué a una nueva tierra y encontré a alguien que es más joven y diferente, aunque noto que tiene cosas en común. Me ofrece regalos como para chica, me doy cuenta, triste que ya no me gustan y que no puedo volver atrás porque lo de antes no existe. Estoy sola y delante de alguien que no conozco pero soy más grande"".

Durante el curso de la experiencia el paciente expresa y realiza sus fantasías por medio de la dramatización, de imágenes sensorio-motoras, visuales y finalmente verbales.

English translation from pages 29-30:

A patient who had gone through horrific deaths during various experiences, felt, saw and was on a mountain, but without ice, lying down, with someone beside him who would later leave, who was not essential, who had the function of accompanying him.

The sky was dark blue, it was night, and there were stars as far as the eye could see. The dominant thing was two stars that crossed at a right angle. The experience was one of peace, of solitude felt as rest (which implied a rebirth).

The action of LSD 25 leads the patient to a state of prenatal regression, in which they have oceanic experiences of identity with the analyst (with the mother), with the cosmos, feeling at the peak of omnipotence; beyond time and space.

In this situation, the patient experiences the analyst as the object that contains them and, simultaneously, as the subject itself.

These omnipotent experiences express the opposite; the absolute dependence of the fetus in relation to the mother; an uncontrollable world that creates and sustains it.

During LSD 25 sessions, this double situation (omnipotence and extreme dependence) is expressed by the patient's apparent dispensability of the analyst, with whom, on the other hand, the patient simultaneously confuses with the couch, with the blanket that covers them, with themselves.

The interpretation of these fantasies, the experience of death they produce and the regression (due to disconnection with the real object; the analyst) lead to the search for contact and, consequently, the externalization of the patient's internal world occurs.

The analyst and what surrounds him acquires existence by being covered with the patient's internal world, which, when externalized, fills the objects with warmth, color, affection and images.

Cyclically, the patient ""confuses"" himself with the analyst and defends himself from this situation by disconnecting, but progressively, he recognizes as his own the images he places on the analyst and on things.

Disconnection is experienced in a very concrete way as death and destruction. On the other hand, the apparent connection is a fusion and this brings the fear of losing individuality.

The progressive externalization of the different objects, which are being recognized as parts of the self, make the patient finally see the analyst as his double and feel that he is the analyst.

The externalization of persecutory and idealized objects and their recognition as parts of the self, make the patient move from paranoid to depressive anxieties.

The interpretations and the reality testing manage to make the analyst be seen as a different person.

The analyst is then seen as a stranger, and the patient disconnects, returning to his mind or his body, which take the place of the uncontrollable analyst.

The interpretation of these fantasies reestablishes the connection. A patient summarized this situation in a dream after an LSD 25 session.

""I was on a warm, tropical island, surrounded by a calm sea in the company of the boyfriend I had when I was a girl. He would throw himself into the sea, if he went. The sea began to stir, there were big waves that separated me from him, I no longer saw his body but I heard his voice. Then I didn't hear his voice either and I was alone until I reached a new land and found someone who is younger and different, although I notice that he has things in common. He offers me gifts like for a girl, I realize, sadly, that I no longer like them and that I can't go back because what was before no longer exists. I'm alone and in front of someone I don't know but I'm bigger.""

During the course of the experience, the patient expresses and realizes their fantasies by means of dramatization, through sensory-motor images, through visualization, and, finally, verbally.",,reviewed
36cefbc5-61ee-558d-a31b-5360593bd647,ff7463f4-b0da-5472-be20-bbe295f1954e,1,Imported page body,,,"“I would say that this chemical produces, oddly enough, a state extremely similar to the cosmic transcendental religious state known to us in the theological and philosophic literature. Naturally there are differences: the fact that one has taken a chemical makes a difference, the fact that it lasts for hours rather than moments makes a difference, the fact that one hasn't paid the price of achieving the state makes a great difference because the price is part of the state. But I do believe that this technological advance of modern day rationalism has given us this most unrational of agents.

I also believe that it's an extremely, extremely important item for the study of the mind, both the sane, the insane and, if you will permit me, the unsane mind. It's a delicious tool for the study of mood changes, of perceptual changes, of changes in cognition, and of our sense of subjective time.

In case some of you wonder what unsanity is, unsanity might be defined as organized insanity, in other words, loss of self, dissociation, but with some intactness.

The third reality about LSD is that its future is miserable. We are seeing in the past few years an accelerating decay in its use. We are seeing accidents happen, we are frightening the public, we are getting laws passed. We are not using the anthropological approach of insinuating a valuable drug of this sort into our culture. We are becoming frightened by it — if not us, those people out there.

One other thing that LSD teaches me, and perhaps you, is the enormity of the human potential. Those of you who have read descriptions of the LSD state must be impressed by the lushness of what comes forth from, if you'll pardon the expression, the unconscious. The stuff that we never knew existed, the creativity within us, is enormous and is transiently released in some of the fantasies connected with LSD.

Another reality that I must emphasize, because I think some of you will disagree, is that the LSD experience is only a beginning. It is not an end, it is a beginning of a beginning. You are not struck by lightning, having had LSD, and thereafter are a different person. Oh no, the people who have had such experiences spontaneously tell us this, and it is true of LSD. I have seen it happen. People have said to me, ‘I can't be the same miserable creature I used to be, I've seen the glory,’ and off they go in their old behavioral pattern.

It's an opportunity for change, it's not change itself.”

📕 For more on Sidney Cohen, see his Biography page.",,reviewed
56d4bd10-bbc3-5923-acd9-35a7b27e8e47,86781c87-9be9-50b5-aca9-99ce25e464b9,1,Imported page body,,,"This reel-to-reel audio recording captures the sounds of Peter the dolphin, a subject in John C. Lilly's research on animal communication and consciousness, after being administered the psychedelic drug LSD. Lilly himself is also audible on the tape. A physiologist and medical doctor, John C. Lilly is well known for his controversial work with dolphins and interspecies communication, as well as his research on the brain and consciousness involving sensory deprivation and the use of ketamine and LSD.

The recording was made on April 19, 1965 at Lilly's Communications Research Institute facility in St. Thomas, U.S. Virgin Islands. Lilly's experiments with dolphins and psychedelics at the CRI were part of his broader interest in exploring the nature of consciousness and the potential for communication between humans and other species. While his work was often criticized for its ethical implications and lack of scientific rigor, it remains a fascinating and deeply strange chapter in the history of psychedelic science and the study of human-animal relations.

Digital version reformatted by Stanford University Libraries in 2014. Original format: 1 1/4 inch analog audio tape reel, recorded at 3.75 ips, half track, stereo, with NAB standard equalization.

Subjects: Animal experimentation, John c. lilly, communications research institute",,reviewed
aa36d1e9-b2cb-5ab8-b0b3-059f2ff1b2f2,61c2013e-cbfc-5dba-9b71-b077742623a4,1,Imported page body,,,"On Aug. 17, 1961, Maureen Thompson, a beautiful Menlo Park wife and mother, had a mystical experience so extraordinary, self-revelatory and marvelous that even today, 17 months later, she has difficulty describing it. Her experience was induced by two drugs, LSD-25 and mescaline, administered to her at the International Foundation for Advanced Study, 1140 Chestnut st., Menlo Park. A week later her husband, Bill Thompson, went through a similar experience.

Each paid the Foundation $500. They consider the money well spent. Miss Thompson believes her LSD experience was an event of profound significance in her life and development. Because she believes many follow humans long for a deeper understanding of themselves, she consented to be interviewed. Bill Thompson is a Palo Alto school teacher. He and Maureen have four children. Their home is at 260 Marmona Drive, a pleasant, tree-lined street in Menlo Park. Mrs. Thompson is aware that druginduced mysticism is a strange and possibly a frightening concept to many. She herself was anxious that her experience not be interpreted as religious in the orthodox sense.

The interview was, therefore, somewhat restrained at first. But as she warmed to her subject, the story unfolded. She sketched briefly the dissatisfactions she and Bill had felt with their lives, then traced the steps—discussions with friends, a college course on human potential, a group therapy seminar— which led to their looking into LSD and its effects.

""I gradually made some startling discoveries about myself,"" she said. ""I realized I was not open, either to myself or to others. I was not functioning as a whole person. I was restricted to self-expression, closed to new experiences.""

Early in July she and Bill went to the foundation, which is on the second floor of an office building in the business section of Menlo Park. They talked with Myron J. Stolaroff, an electrical engineer who gave up an executive job with Ampex Corp. to work with LSD and its related drugs.

He confirmed much of what they had heard from others, allayed some of their fears, asked them what they were seeking.

""I told Myron I was not the kind of person I wanted to be,"" said Mrs. Thompson. ""I told him I felt a need for deeper relationships with other people--that I wanted to find more meaning in everything I do.

""I told him I felt inadequate, often depressed and confused; that I was worried about drinking.""

“The hardest thing to admit was my hostility toward our daughter. . . .""

There were three more interviews with Stolaroff and with Dr. J. Norman Sherwood, then medical director of the foundation. They abandoned plans to seek a new life in Brazil, and elected to find a new life here at home.

The preparations for the LSD experience included breathing mixtures of carbon dioxide (50%) and oxygen (70%), a kind of mild trial run for the powerful LSD-mescaline state.

""This helps to lower the conscious and unconscious blocks,"" said Mrs. Thompson. ""One's conscious mind somewhat expanded; one's awareness is heightened.""

She also became acquainted with Dr.--- at the foundation. In doctor's treatment rooms of a contemporary laboratory, the windows draped. The couches are contemporary and comfortable. A mini-recorder on a coffee table leads to a large phonograph-recorder where a recording is made for later study by the subject.

…

""Sometimes my rational intruded,"" Mrs. Thompson continued. ""It tried to sort out these experiences, to put them into categories. When it couldn’t, I began to doubt their reality. This created some fear.”

“If I took LSD again, I would try harder to let myself go to it. I would not resist it or block it by trying to analyze my experience. Analysis comes later…”

Mrs. Thompson paused and sized up her visitor with her clear eyes. She was wondering how much she dared to reveal to this near stranger. Then she said:

“I had a deeply moving experience with a rose that was shown to me.”

“It seemed to open up before me and call me to it. I moved outward toward the essence of the rose. It ceased to be an object. I ceased to be a subject. Object and subject were one.""

“I was the rose.”",,reviewed
ddb3089a-2bc6-57e4-84ba-6d371af6fb5f,7843f7c0-1785-57ea-ac90-1f1ba8f00b1d,1,Imported page body,,,"[25:14 - 36:48]

“There is a group of drugs, the hallucinogens, which permits us to experience anesthesias even at ordinary intensities of sensation. Under the influence of drugs like LSD, mescaline, psilocybin, and so forth, the subject may speak of the patterns which sounds produce, the scent of music, even the effect of a change of mood upon the colors that are seen.

But to get back to dermal optical perception, what should we believe now on the basis of the available reports? Those of us who are less critical and who are quite readily ready to accept new notions might be inclined to say that dermal optical perception is a fact. At the other extreme, I'm sure there's a group who are highly cautious and who change their established beliefs with some difficulty. They'll say it's impossible or it's a trick.

It seems to me that neither attitude is ideal. The first tends to make us gullible and we come to believe much that turns out to be nonsensical. The second closes our mind too tightly to entirely new constructs. As a result, we might miss the periodic shattering of our belief system which seems to be a part of living, especially in this century.

I would submit that in instances of this sort, dermal optical perception being only an available example, that we keep a suspense file. Items are put in there which are possible, unproven, and that we keep open to many notions but wait for other evidence. It would seem best to be neither credulous nor incredulous. This might mean that most of our beliefs, especially such eternal questions as ‘What am I?’ and ‘What does it all mean?’ and so forth, would have to be put into the suspense file, and remain a permanent one.

This is true. We appear to know little for sure. Many of our beliefs, especially those oddly enough most tightly held, are based upon faith, not proof. We're only two or three centuries into the rationalistic, mechanistic Scientific Revolution. It began as a result against superstition, ignorance, and stubborn dogma. It was embraced by those who wanted to know nature by test, not testament.

The history of science is replete with new laws overthrowing old established ones as knowledge accrues. The old theory becomes less and less tenable. Finally, someone propounds a new paradigm which is a better explanation for the data than the prevailing one, and it's accepted. Well, not all scientists, those advocates of reason and new ideas, change their minds in the face of irrefutable evidence. All too often, they do not.

Copernicus was called mad by his colleagues because he stated that the earth moved when patently it did not. His work was not accepted for almost a century after his death. For a while, no one would even look through Galileo's telescope. Newton met with a similar dogmatic rejection during his lifetime. Priestley never did relinquish his phlogiston in favor of Lavoisier's oxygen theory. Lord Kelvin, who contributed much to physics, called x-rays a hoax and Maxwell's electromagnetic theory nonsense.

Both Darwin and Planck predicted that their views would not be accepted until their contemporaries died off, and they were right. Resistance to a major reconstruction of long-held scientific views is by no means invariable. Witness the rather rapid acceptance of Einstein's revolutionary ideas. It does remind us, though, that scientists are human and tend to have emotional investments in their established beliefs. They are apt to be as rigid and closed to the new as anyone else. This should not be surprising, except that we idealize a scientist as being open-minded and willing to entertain constructs with which he does not agree. This is probably less true than we imagined.

This diversion into belief systems is by no means a straying off the track. Concepts come before percepts. We cannot see what we cannot conceive. When a new paradigm is adopted, the person looks at the old percepts in a new way. Uranus was seen at least 17 times by various observers and called a star. Finally, after a hundred years of sightings, Herschel insisted that it had planetary movement. This was after all the planets had been discovered, you know. After that, everyone saw it as a planet. So as you see, even sensory communication is valuable, especially when the communication has an emotional charge to it.

And so we come to the third part of the talk today, the issue of extrasensory communication. I disagree with Chancellor Murphy when he says that I have some particular knowledge of this field. Really, I can only claim to have done one minor little experiment in this area. This was a number of years ago and it was done in connection with some other work that was ongoing. It was an attempt to stabilize the phenomenon of extrasensory perception with drugs.

One of the annoying things about extrasensory perception is that it's not quite reliable. It isn't reproducible, and one wondered whether drugs like lysergic acid diethylamide might perhaps help fix it in those who had it or keep it away from those who didn't. Well, we simply had our subjects sort Rhine cards. I'm sure you all know what Rhine cards are. They're also called Zener cards. They had one of five different figures on them: star, cross, and so forth. And we asked our subjects to sort them into piles while sober and then while under the influence of lysergic acid.

I might report that they did no better under LSD than they did before they took the drug. But that is of no great consequence. It was a small series and had no particular meaning. Other drugs have been used for the same purpose. The Russians have used mescaline, alcohol has been used, barbiturates, stimulants, and so forth. To date, oddly enough, the drug which gives the best results is alcohol.

I merely relate this brief incident to be perfectly honest with you as to my qualifications in this matter. However, I was forced into it and I have done some homework, and I'd like to talk with you about my impressions of the extrasensory perception literature.

Just in case there is anyone here who's dubious about what extrasensory perception or parapsychology or the psi phenomenon is, let me immediately say that it ranges from the transference of thoughts by non-sensory means, which is telepathy, to the ability to obtain information from inanimate objects, which is clairvoyance, to the ability to influence inanimate objects, which is psychokinesis, the capacity to know events before they occur, precognition. And this goes on to very recondite matters such as automatic writing, glossolalia or the ability to speak in tongues unknown to the subject, reincarnation with the ability to remember something of the previous existence, and communications with the departed via a medium.

One of the first things I discovered in wading through this literature was that there were two kinds of parapsychologists, just as there are no doubt two kinds of scientists. There was what might be called a square parapsychologist who uses scientific methods to design his experiments. He uses a very approved statistical treatment of the results and very rigid controls. These could be epitomized by such people as Rhine and Pratt, Smiler Murphy. By the way, three or four, three of those four will be here in June, and many others.

Then there are the further out parapsychologists who are rather contemptuous of efforts to scientifically prove these paranormal phenomena by using scientific criteria of predictability, reproducibility, the ideas of the physical transmission of energy and, of course, effect relationships. Actually, these two groups dislike each other more than they dislike the scientists.

Well, I'm not qualified to evaluate the evidence of what might be called parascientific parapsychology. These are the anecdotes, narrative reports of poltergeists, astral projections, discarnate entities who communicate with the living through mediums, possessed personalities, ectoplasmic apparition, psychic healing, and so forth. I've read a good deal of the material, it's fascinating. I can only say it takes an act of faith, not of reason, to believe in these matters, and I'm not diminishing it by saying this. There may be things that are not amenable to the rational, reasonable mind. In fact, I'm sure many of you believe there are.

Some of these occult events seem to border a bit upon the psychopathic, but not necessarily so. The mere fact that some of the practitioners are obviously fraudulent does not necessarily condemn the entire literature on these esoteric occurrences.”

[caption id="""" align=""alignnone"" width=""960""] Cohen delivered versions of this talk on ESP throughout 1965 and 1966; this summary is from a pamphlet in the Clare Luce Boothe papers at the Library of Congress. [/caption]

📕 For more on Sidney Cohen, see his Biography page.",,reviewed
4cb316b1-9c96-57b3-ad13-53364514af3f,3e425691-e199-5a07-8199-71466a4cda19,1,Imported page body,,,"The Orlando Sentinel (September 17, 1962), no author attributed

The dolphin, a brainy creature of the sea with a high-pitched, high-speed voice was chosen yesterday by the space agency as a tool for research on communications between man and other forms of life.

The National Aeronautics and Space Administration awarded an $80,700, one year contract for the work to Communication Research Institute, Charlotte Amalie, St. Thomas, Virgin Islands.

The assignment: ""Basic scientific research on the feasibility and methodology for establishing communication between man and other species.""

Naturally, the space agency is interested in ""other species"" that may someday be found on distant planets.

The study will be directed by Dr. John C. Lilly, a noted authority on the dolphin, better known as the porpoise.

Dr. Dale W. Jenkins, chief of NASA's environmental biology programs, said Lilly probably will do most of the research at an aquarium at Coconut Grove, just south of Miami.

Jenkins said Lilly had determined that dolphins talk to each other, but at a rate eight times faster than that of human beings.

Dolphins also have a remarkable gift of mimicry of the sounds they hear.

Jenkins said that when a dolphin has been properly conditioned, the animal apparently tries to repeat the human words.

The replies are likely to come out as an unintelligible series of squeaks, squeals, quacks and blats.

However, Lilly has reported that a dolphin repeated such phrases as ""three two three"" in distinguishable terms even though it was in a high-pitched Donald Duck quack-like form.

Jenkins said that when the tapes were slowed down to half or quarter speed, however, Lilly found an unexpected factor.

The dolphin apparently had taken the human vocalization and compressed it as to time. By slowing it down and lowering the pitch, the dolphin's voice came back in clear repetition of the human words.

Jenkins said the replies were so distinct that when one of Lilly's assistants with a southern accent spoke to the dolphin, the accent remained discernible faithfully even to the southern drawl.

""This work may help us toward understanding of the communications of other organisms, some of which have communications techniques far more effective than ours,"" Jenkins said.

""NASA faces the problem of far off communications, of communicating over vast distances.

""We will be needing far more effective methods of communication as our far-reaching our information.

""We have not yet determined whether there are any communications directed at earth from outer space. If we do make contact, we will have to work out systems of understanding.""

Jenkins said Lilly would employ computer techniques in analyses of dolphin communications.

The scientist also uses hydrophones and underwater loud speakers to facilitate continuous exchanges between human beings and dolphins in the same bodies of water.

The navy is interested in the dolphin speech and has ""sonar"" system of hunting for prey and has conducted experiments at Point Mugu, Calif. One of the sea-going mammals was taught to recognize such words as ""ball,"" ""hat,"" ""ring,"" and ""stick.""",,reviewed
45c35479-fa57-5ca3-9711-5bf5c98dfc0a,b640a685-b74d-5119-8255-06dd18298687,1,Imported page body,,,,,none
